"individual","initial_date","event_time_iteration_1","observation_date_iteration_1","status_iteration_1","event_time_iteration_2","observation_date_iteration_2","status_iteration_2","event_time_iteration_3","observation_date_iteration_3","status_iteration_3","event_time_iteration_4","observation_date_iteration_4","status_iteration_4","event_time_iteration_5","observation_date_iteration_5","status_iteration_5"
1,2010-03-08,2.6493899418759e-08,2020-01-26,1,NA,NA,NA,NA,NA,NA,NA,NA,NA,NA,NA,NA
2,2010-09-30,0.639092989956658,2020-01-15,1,NA,NA,NA,NA,NA,NA,NA,NA,NA,NA,NA,NA
3,2010-07-02,25078832.9898144,2020-01-04,0,0.0306467646238593,2021-01-17,1,NA,NA,NA,NA,NA,NA,NA,NA,NA
4,2010-05-17,1.08311750627324e-07,2020-01-11,1,NA,NA,NA,NA,NA,NA,NA,NA,NA,NA,NA,NA
5,2010-02-08,78.2983050239735,2020-01-23,1,NA,NA,NA,NA,NA,NA,NA,NA,NA,NA,NA,NA
6,2010-09-24,50637105.0606517,2020-01-12,0,31032635.665833,2021-01-09,0,0.0266058996641582,2022-01-09,1,NA,NA,NA,NA,NA,NA
7,2010-05-11,6.17635782956194e-25,2020-01-14,1,NA,NA,NA,NA,NA,NA,NA,NA,NA,NA,NA,NA
8,2010-05-16,1.18169573412807e-06,2020-01-04,1,NA,NA,NA,NA,NA,NA,NA,NA,NA,NA,NA,NA
9,2010-05-01,46.9496116814111,2020-01-29,1,NA,NA,NA,NA,NA,NA,NA,NA,NA,NA,NA,NA
10,2010-10-07,3.17737786312329e-05,2020-01-30,1,NA,NA,NA,NA,NA,NA,NA,NA,NA,NA,NA,NA
11,2010-02-19,6.65005678142553e-05,2020-01-13,1,NA,NA,NA,NA,NA,NA,NA,NA,NA,NA,NA,NA
12,2010-09-22,9.93285780971563e-09,2020-01-27,1,NA,NA,NA,NA,NA,NA,NA,NA,NA,NA,NA,NA
13,2010-04-21,0.00551127531437678,2020-01-02,1,NA,NA,NA,NA,NA,NA,NA,NA,NA,NA,NA,NA
14,2010-04-06,923234.159328441,2020-01-21,0,39.5175949675455,2021-01-11,1,NA,NA,NA,NA,NA,NA,NA,NA,NA
15,2010-07-18,0.00197453356727121,2020-01-21,1,NA,NA,NA,NA,NA,NA,NA,NA,NA,NA,NA,NA
16,2010-03-25,273.677492328742,2020-01-10,0,0.553743449316,2021-01-12,1,NA,NA,NA,NA,NA,NA,NA,NA,NA
17,2010-08-22,8.31085504936096e-05,2020-01-20,1,NA,NA,NA,NA,NA,NA,NA,NA,NA,NA,NA,NA
18,2010-01-29,7.41091437535437,2020-01-20,1,NA,NA,NA,NA,NA,NA,NA,NA,NA,NA,NA,NA
19,2010-09-26,3.49089808083478e-08,2020-01-15,1,NA,NA,NA,NA,NA,NA,NA,NA,NA,NA,NA,NA
20,2010-02-28,4136.57110020626,2020-01-26,0,2222700374271.65,2021-01-13,0,1907104884.35098,2022-01-04,0,1.63506064223624,2023-01-03,1,NA,NA,NA
21,2010-08-23,0.000195008584488503,2020-01-05,1,NA,NA,NA,NA,NA,NA,NA,NA,NA,NA,NA,NA
22,2010-12-26,0.00341627416620642,2020-01-13,1,NA,NA,NA,NA,NA,NA,NA,NA,NA,NA,NA,NA
23,2010-02-18,1.29841794697439e-08,2020-01-07,1,NA,NA,NA,NA,NA,NA,NA,NA,NA,NA,NA,NA
24,2010-07-01,6.64965798550376e-11,2020-01-30,1,NA,NA,NA,NA,NA,NA,NA,NA,NA,NA,NA,NA
25,2010-06-28,1.12287391789e-06,2020-01-15,1,NA,NA,NA,NA,NA,NA,NA,NA,NA,NA,NA,NA
26,2010-03-25,3.96285362333665,2020-01-12,1,NA,NA,NA,NA,NA,NA,NA,NA,NA,NA,NA,NA
27,2010-07-30,8.89597213089042e-05,2020-01-26,1,NA,NA,NA,NA,NA,NA,NA,NA,NA,NA,NA,NA
28,2010-06-04,0.452775778169853,2020-01-21,1,NA,NA,NA,NA,NA,NA,NA,NA,NA,NA,NA,NA
29,2010-04-06,3378.53809550149,2020-01-11,0,13.2271512743182,2021-01-28,1,NA,NA,NA,NA,NA,NA,NA,NA,NA
30,2010-06-22,9.33023191256868e-12,2020-01-12,1,NA,NA,NA,NA,NA,NA,NA,NA,NA,NA,NA,NA
31,2010-04-20,0.00134455210027344,2020-01-06,1,NA,NA,NA,NA,NA,NA,NA,NA,NA,NA,NA,NA
32,2010-12-08,0.0683021383506178,2020-01-24,1,NA,NA,NA,NA,NA,NA,NA,NA,NA,NA,NA,NA
33,2010-03-19,0.016427135398734,2020-01-01,1,NA,NA,NA,NA,NA,NA,NA,NA,NA,NA,NA,NA
34,2010-12-26,1.73920368097307,2020-01-28,1,NA,NA,NA,NA,NA,NA,NA,NA,NA,NA,NA,NA
35,2010-06-26,8.63445688280698e-08,2020-01-21,1,NA,NA,NA,NA,NA,NA,NA,NA,NA,NA,NA,NA
36,2010-01-10,177.581033000116,2020-01-08,0,3.1987156043897e-20,2021-01-24,1,NA,NA,NA,NA,NA,NA,NA,NA,NA
37,2010-11-18,7.77259573670461e-16,2020-01-20,1,NA,NA,NA,NA,NA,NA,NA,NA,NA,NA,NA,NA
38,2010-04-27,3.15438842780364e-08,2020-01-15,1,NA,NA,NA,NA,NA,NA,NA,NA,NA,NA,NA,NA
39,2010-04-08,705853370.400497,2020-01-28,0,0.000166331338832293,2021-01-23,1,NA,NA,NA,NA,NA,NA,NA,NA,NA
40,2010-10-05,0.185378410531494,2020-01-10,1,NA,NA,NA,NA,NA,NA,NA,NA,NA,NA,NA,NA
41,2010-05-18,73.7703464332722,2020-01-28,1,NA,NA,NA,NA,NA,NA,NA,NA,NA,NA,NA,NA
42,2010-08-19,132.831141960195,2020-01-08,0,227.061506928059,2021-01-09,0,48.3879832233507,2022-01-24,1,NA,NA,NA,NA,NA,NA
43,2010-07-02,9.91219326275407e-05,2020-01-14,1,NA,NA,NA,NA,NA,NA,NA,NA,NA,NA,NA,NA
44,2010-02-16,0.00678514949438082,2020-01-22,1,NA,NA,NA,NA,NA,NA,NA,NA,NA,NA,NA,NA
45,2010-07-11,6.47626685264635e-13,2020-01-28,1,NA,NA,NA,NA,NA,NA,NA,NA,NA,NA,NA,NA
46,2010-12-27,3.00934426444532e-09,2020-01-16,1,NA,NA,NA,NA,NA,NA,NA,NA,NA,NA,NA,NA
47,2010-10-24,5.01158549735833e-05,2020-01-16,1,NA,NA,NA,NA,NA,NA,NA,NA,NA,NA,NA,NA
48,2010-02-09,6.97949799212328e-05,2020-01-02,1,NA,NA,NA,NA,NA,NA,NA,NA,NA,NA,NA,NA
49,2010-01-31,0.178035989478866,2020-01-08,1,NA,NA,NA,NA,NA,NA,NA,NA,NA,NA,NA,NA
50,2010-07-30,1647.17837438952,2020-01-24,0,1.54323030143997,2021-01-14,1,NA,NA,NA,NA,NA,NA,NA,NA,NA
51,2010-04-01,8.42706460347772e-15,2020-01-06,1,NA,NA,NA,NA,NA,NA,NA,NA,NA,NA,NA,NA
52,2010-10-12,1.34750152455211e-07,2020-01-27,1,NA,NA,NA,NA,NA,NA,NA,NA,NA,NA,NA,NA
53,2010-03-08,0.0518332710792008,2020-01-11,1,NA,NA,NA,NA,NA,NA,NA,NA,NA,NA,NA,NA
54,2010-07-18,0.000235635170710202,2020-01-09,1,NA,NA,NA,NA,NA,NA,NA,NA,NA,NA,NA,NA
55,2010-12-20,1.45587386211045e-14,2020-01-18,1,NA,NA,NA,NA,NA,NA,NA,NA,NA,NA,NA,NA
56,2010-05-08,0.0522987037586196,2020-01-05,1,NA,NA,NA,NA,NA,NA,NA,NA,NA,NA,NA,NA
57,2010-09-05,1334.76587527831,2020-01-15,0,332870.740757674,2021-01-09,0,48958.8070080084,2022-01-23,0,47541.9056671956,2023-01-10,0,4.07601592608828e-05,2024-01-16,1
58,2010-01-03,28.2546866182185,2020-01-29,1,NA,NA,NA,NA,NA,NA,NA,NA,NA,NA,NA,NA
59,2010-07-15,0.000203962559838163,2020-01-18,1,NA,NA,NA,NA,NA,NA,NA,NA,NA,NA,NA,NA
60,2010-02-07,1557.92365128918,2020-01-24,0,0.25005696052228,2021-01-21,1,NA,NA,NA,NA,NA,NA,NA,NA,NA
61,2010-03-04,1.92011617348167,2020-01-18,1,NA,NA,NA,NA,NA,NA,NA,NA,NA,NA,NA,NA
62,2010-10-10,1.2102811731892e-07,2020-01-17,1,NA,NA,NA,NA,NA,NA,NA,NA,NA,NA,NA,NA
63,2010-11-08,0.00578640467256979,2020-01-23,1,NA,NA,NA,NA,NA,NA,NA,NA,NA,NA,NA,NA
64,2010-08-05,1.26929400276162e-17,2020-01-05,1,NA,NA,NA,NA,NA,NA,NA,NA,NA,NA,NA,NA
65,2010-07-26,3.98309461201249e-09,2020-01-12,1,NA,NA,NA,NA,NA,NA,NA,NA,NA,NA,NA,NA
66,2010-09-25,1601962087.38701,2020-01-25,0,3432.83639951431,2021-01-25,0,186550531470.588,2022-01-28,0,112298026.281095,2023-01-22,0,160062702.981531,2024-01-28,0
67,2010-05-29,1.04099637118499e-05,2020-01-29,1,NA,NA,NA,NA,NA,NA,NA,NA,NA,NA,NA,NA
68,2010-10-17,5.86499180993201,2020-01-02,1,NA,NA,NA,NA,NA,NA,NA,NA,NA,NA,NA,NA
69,2010-11-28,6.10985301927346e-10,2020-01-21,1,NA,NA,NA,NA,NA,NA,NA,NA,NA,NA,NA,NA
70,2010-09-07,0.258823594566157,2020-01-05,1,NA,NA,NA,NA,NA,NA,NA,NA,NA,NA,NA,NA
71,2010-12-03,5.32568831344355e-05,2020-01-04,1,NA,NA,NA,NA,NA,NA,NA,NA,NA,NA,NA,NA
72,2010-09-11,15940.4213443426,2020-01-04,0,64786.5966302061,2021-01-20,0,6.44958894711648,2022-01-30,1,NA,NA,NA,NA,NA,NA
73,2010-07-04,5.48732522015553e-14,2020-01-12,1,NA,NA,NA,NA,NA,NA,NA,NA,NA,NA,NA,NA
74,2010-07-13,1968791.32320084,2020-01-07,0,0.691031975850497,2021-01-13,1,NA,NA,NA,NA,NA,NA,NA,NA,NA
75,2010-06-02,6.31140377876851e-10,2020-01-21,1,NA,NA,NA,NA,NA,NA,NA,NA,NA,NA,NA,NA
76,2010-02-06,0.00618293071395534,2020-01-05,1,NA,NA,NA,NA,NA,NA,NA,NA,NA,NA,NA,NA
77,2010-04-21,7.24861804994441e-07,2020-01-11,1,NA,NA,NA,NA,NA,NA,NA,NA,NA,NA,NA,NA
78,2010-06-17,2.40877823144642e-10,2020-01-10,1,NA,NA,NA,NA,NA,NA,NA,NA,NA,NA,NA,NA
79,2010-08-26,0.0353389456076519,2020-01-20,1,NA,NA,NA,NA,NA,NA,NA,NA,NA,NA,NA,NA
80,2010-08-26,2255.34282825408,2020-01-13,0,326440.422320936,2021-01-29,0,5.23687838103043e-18,2022-01-29,1,NA,NA,NA,NA,NA,NA
81,2010-04-06,8045.55839760175,2020-01-21,0,1.04545348678515e-05,2021-01-08,1,NA,NA,NA,NA,NA,NA,NA,NA,NA
82,2010-04-06,3.09899127730197e-05,2020-01-30,1,NA,NA,NA,NA,NA,NA,NA,NA,NA,NA,NA,NA
83,2010-11-23,1.65224699660506e-12,2020-01-28,1,NA,NA,NA,NA,NA,NA,NA,NA,NA,NA,NA,NA
84,2010-07-31,7.7406804729836,2020-01-11,1,NA,NA,NA,NA,NA,NA,NA,NA,NA,NA,NA,NA
85,2010-08-26,5.47944914576077e-07,2020-01-08,1,NA,NA,NA,NA,NA,NA,NA,NA,NA,NA,NA,NA
86,2010-09-02,14055.9096778815,2020-01-10,0,2.95868021564116e-05,2021-01-19,1,NA,NA,NA,NA,NA,NA,NA,NA,NA
87,2010-07-14,4.80270653778895e-05,2020-01-15,1,NA,NA,NA,NA,NA,NA,NA,NA,NA,NA,NA,NA
88,2010-05-03,0.000372360678679126,2020-01-01,1,NA,NA,NA,NA,NA,NA,NA,NA,NA,NA,NA,NA
89,2010-04-16,0.000138542250214067,2020-01-09,1,NA,NA,NA,NA,NA,NA,NA,NA,NA,NA,NA,NA
90,2010-02-20,34.1649001994893,2020-01-20,1,NA,NA,NA,NA,NA,NA,NA,NA,NA,NA,NA,NA
91,2010-10-07,6.30900946370928e-09,2020-01-04,1,NA,NA,NA,NA,NA,NA,NA,NA,NA,NA,NA,NA
92,2010-04-07,0.25530684004328,2020-01-04,1,NA,NA,NA,NA,NA,NA,NA,NA,NA,NA,NA,NA
93,2010-09-12,6.52871508982016e-05,2020-01-01,1,NA,NA,NA,NA,NA,NA,NA,NA,NA,NA,NA,NA
94,2010-09-25,3.80794302825722e-08,2020-01-09,1,NA,NA,NA,NA,NA,NA,NA,NA,NA,NA,NA,NA
95,2010-09-08,9.10334610215111e-11,2020-01-18,1,NA,NA,NA,NA,NA,NA,NA,NA,NA,NA,NA,NA
96,2010-02-21,3.99897899214225e-08,2020-01-02,1,NA,NA,NA,NA,NA,NA,NA,NA,NA,NA,NA,NA
97,2010-08-29,1.01252657707541e-11,2020-01-22,1,NA,NA,NA,NA,NA,NA,NA,NA,NA,NA,NA,NA
98,2010-12-27,1.95533091335149e-13,2020-01-27,1,NA,NA,NA,NA,NA,NA,NA,NA,NA,NA,NA,NA
99,2010-10-27,0.0328984227117267,2020-01-23,1,NA,NA,NA,NA,NA,NA,NA,NA,NA,NA,NA,NA
100,2010-07-01,1985345.24600503,2020-01-13,0,0.013510271822216,2021-01-23,1,NA,NA,NA,NA,NA,NA,NA,NA,NA
101,2010-03-20,2.55509034959833e-14,2020-01-03,1,NA,NA,NA,NA,NA,NA,NA,NA,NA,NA,NA,NA
102,2010-09-24,2.0658909416622,2020-01-13,1,NA,NA,NA,NA,NA,NA,NA,NA,NA,NA,NA,NA
103,2010-04-06,2.24705660991644e-05,2020-01-04,1,NA,NA,NA,NA,NA,NA,NA,NA,NA,NA,NA,NA
104,2010-07-04,1.15664291509654e-05,2020-01-01,1,NA,NA,NA,NA,NA,NA,NA,NA,NA,NA,NA,NA
105,2010-01-05,4.4520497773889e-07,2020-01-04,1,NA,NA,NA,NA,NA,NA,NA,NA,NA,NA,NA,NA
106,2010-02-24,9.97613258687814e-07,2020-01-11,1,NA,NA,NA,NA,NA,NA,NA,NA,NA,NA,NA,NA
107,2010-10-04,3.03236745701081e-12,2020-01-08,1,NA,NA,NA,NA,NA,NA,NA,NA,NA,NA,NA,NA
108,2010-10-10,8.98266942097848e-07,2020-01-16,1,NA,NA,NA,NA,NA,NA,NA,NA,NA,NA,NA,NA
109,2010-11-06,3.15556622006313e-06,2020-01-18,1,NA,NA,NA,NA,NA,NA,NA,NA,NA,NA,NA,NA
110,2010-10-29,5.90207727344942e-14,2020-01-14,1,NA,NA,NA,NA,NA,NA,NA,NA,NA,NA,NA,NA
111,2010-02-02,58.3810960039407,2020-01-22,1,NA,NA,NA,NA,NA,NA,NA,NA,NA,NA,NA,NA
112,2010-07-09,1.81875568228559e-08,2020-01-11,1,NA,NA,NA,NA,NA,NA,NA,NA,NA,NA,NA,NA
113,2010-10-02,555.144021085172,2020-01-07,0,1.55176622804884e-08,2021-01-21,1,NA,NA,NA,NA,NA,NA,NA,NA,NA
114,2010-04-22,5.33982752405986e-07,2020-01-30,1,NA,NA,NA,NA,NA,NA,NA,NA,NA,NA,NA,NA
115,2010-06-06,1.187289500902e-06,2020-01-01,1,NA,NA,NA,NA,NA,NA,NA,NA,NA,NA,NA,NA
116,2010-10-28,34261.1732025406,2020-01-29,0,0.000289449954079316,2021-01-04,1,NA,NA,NA,NA,NA,NA,NA,NA,NA
117,2010-07-07,0.196817491105001,2020-01-25,1,NA,NA,NA,NA,NA,NA,NA,NA,NA,NA,NA,NA
118,2010-03-09,5.64309633927588e-06,2020-01-10,1,NA,NA,NA,NA,NA,NA,NA,NA,NA,NA,NA,NA
119,2010-10-04,5.3516906618059e-11,2020-01-22,1,NA,NA,NA,NA,NA,NA,NA,NA,NA,NA,NA,NA
120,2010-02-17,0.0634267312950974,2020-01-05,1,NA,NA,NA,NA,NA,NA,NA,NA,NA,NA,NA,NA
121,2010-06-29,59935441666.2293,2020-01-08,0,100007.625831388,2021-01-20,0,4548.54632562455,2022-01-15,0,2125284098.52895,2023-01-16,0,1447920539.44657,2024-01-25,0
122,2010-04-27,5289.14243957507,2020-01-22,0,1.48152603062221e-08,2021-01-10,1,NA,NA,NA,NA,NA,NA,NA,NA,NA
123,2010-01-11,12343713390.8894,2020-01-05,0,1.05286480776184e-11,2021-01-11,1,NA,NA,NA,NA,NA,NA,NA,NA,NA
124,2010-11-07,13535233599.8375,2020-01-25,0,0.318591077506811,2021-01-30,1,NA,NA,NA,NA,NA,NA,NA,NA,NA
125,2010-08-09,421400.540046762,2020-01-12,0,4004271181.95975,2021-01-17,0,62060999.125516,2022-01-09,0,21970358119.3289,2023-01-05,0,19412659.3039123,2024-01-02,0
126,2010-01-24,6.48457680474628e-06,2020-01-14,1,NA,NA,NA,NA,NA,NA,NA,NA,NA,NA,NA,NA
127,2010-01-18,9.72548735277274e-06,2020-01-17,1,NA,NA,NA,NA,NA,NA,NA,NA,NA,NA,NA,NA
128,2010-12-14,12.6990380479473,2020-01-04,1,NA,NA,NA,NA,NA,NA,NA,NA,NA,NA,NA,NA
129,2010-06-12,2.18466337047702e-06,2020-01-23,1,NA,NA,NA,NA,NA,NA,NA,NA,NA,NA,NA,NA
130,2010-07-09,0.233086267002026,2020-01-11,1,NA,NA,NA,NA,NA,NA,NA,NA,NA,NA,NA,NA
131,2010-03-15,2496436.91125817,2020-01-28,0,0.934716224118722,2021-01-14,1,NA,NA,NA,NA,NA,NA,NA,NA,NA
132,2010-08-21,0.338734682277176,2020-01-22,1,NA,NA,NA,NA,NA,NA,NA,NA,NA,NA,NA,NA
133,2010-01-19,1.40140905635818e-16,2020-01-06,1,NA,NA,NA,NA,NA,NA,NA,NA,NA,NA,NA,NA
134,2010-08-05,0.0328440832991151,2020-01-06,1,NA,NA,NA,NA,NA,NA,NA,NA,NA,NA,NA,NA
135,2010-01-14,0.0284496878910089,2020-01-19,1,NA,NA,NA,NA,NA,NA,NA,NA,NA,NA,NA,NA
136,2010-06-07,6.16346961180854e-07,2020-01-07,1,NA,NA,NA,NA,NA,NA,NA,NA,NA,NA,NA,NA
137,2010-01-15,52269.4540005656,2020-01-28,0,70718.2877515602,2021-01-29,0,0.334202767390125,2022-01-08,1,NA,NA,NA,NA,NA,NA
138,2010-10-13,11.3909945394384,2020-01-10,1,NA,NA,NA,NA,NA,NA,NA,NA,NA,NA,NA,NA
139,2010-07-08,67.4368362872721,2020-01-06,1,NA,NA,NA,NA,NA,NA,NA,NA,NA,NA,NA,NA
140,2010-01-08,0.00516076937248989,2020-01-28,1,NA,NA,NA,NA,NA,NA,NA,NA,NA,NA,NA,NA
141,2010-08-19,397.090586583397,2020-01-13,0,4572726.4097057,2021-01-14,0,76817.7439555634,2022-01-16,0,17902.4602498287,2023-01-16,0,12787005.6158406,2024-01-14,0
142,2010-09-30,1496285.28164341,2020-01-19,0,5.50812162090797e-14,2021-01-06,1,NA,NA,NA,NA,NA,NA,NA,NA,NA
143,2010-07-04,0.00651250546586324,2020-01-02,1,NA,NA,NA,NA,NA,NA,NA,NA,NA,NA,NA,NA
144,2010-02-22,0.00821068295266064,2020-01-26,1,NA,NA,NA,NA,NA,NA,NA,NA,NA,NA,NA,NA
145,2010-02-23,0.101003574472314,2020-01-19,1,NA,NA,NA,NA,NA,NA,NA,NA,NA,NA,NA,NA
146,2010-07-10,0.00544475161231467,2020-01-14,1,NA,NA,NA,NA,NA,NA,NA,NA,NA,NA,NA,NA
147,2010-03-13,3.86254590972182,2020-01-08,1,NA,NA,NA,NA,NA,NA,NA,NA,NA,NA,NA,NA
148,2010-05-02,9.96563385726145e-06,2020-01-08,1,NA,NA,NA,NA,NA,NA,NA,NA,NA,NA,NA,NA
149,2010-07-15,33093213575.6829,2020-01-06,0,249.690520420657,2021-01-30,0,3261.22848893344,2022-01-15,0,2.22541229418684e-16,2023-01-15,1,NA,NA,NA
150,2010-06-12,0.00845787221428553,2020-01-20,1,NA,NA,NA,NA,NA,NA,NA,NA,NA,NA,NA,NA
151,2010-06-06,0.0212469627484132,2020-01-07,1,NA,NA,NA,NA,NA,NA,NA,NA,NA,NA,NA,NA
152,2010-10-09,0.0072169173964941,2020-01-01,1,NA,NA,NA,NA,NA,NA,NA,NA,NA,NA,NA,NA
153,2010-10-29,8.33454298288382e-09,2020-01-21,1,NA,NA,NA,NA,NA,NA,NA,NA,NA,NA,NA,NA
154,2010-05-20,17.5052013254603,2020-01-03,1,NA,NA,NA,NA,NA,NA,NA,NA,NA,NA,NA,NA
155,2010-09-30,1.81479298860415e-08,2020-01-01,1,NA,NA,NA,NA,NA,NA,NA,NA,NA,NA,NA,NA
156,2010-07-11,7788.29750114087,2020-01-07,0,2.03286732004138e-08,2021-01-17,1,NA,NA,NA,NA,NA,NA,NA,NA,NA
157,2010-03-06,0.000114173752030467,2020-01-11,1,NA,NA,NA,NA,NA,NA,NA,NA,NA,NA,NA,NA
158,2010-01-16,335452227.763057,2020-01-01,0,7.64090500728719e-05,2021-01-24,1,NA,NA,NA,NA,NA,NA,NA,NA,NA
159,2010-05-12,4.86863803149854e-06,2020-01-05,1,NA,NA,NA,NA,NA,NA,NA,NA,NA,NA,NA,NA
160,2010-12-19,8.61609081847083e-07,2020-01-04,1,NA,NA,NA,NA,NA,NA,NA,NA,NA,NA,NA,NA
161,2010-09-25,1.33778653122149e-08,2020-01-06,1,NA,NA,NA,NA,NA,NA,NA,NA,NA,NA,NA,NA
162,2010-01-31,17003.8499139254,2020-01-28,0,2492.0135012201,2021-01-28,0,1.29547818674892,2022-01-10,1,NA,NA,NA,NA,NA,NA
163,2010-06-04,7.08956849511654e-07,2020-01-21,1,NA,NA,NA,NA,NA,NA,NA,NA,NA,NA,NA,NA
164,2010-08-17,1.18260603726552e-05,2020-01-01,1,NA,NA,NA,NA,NA,NA,NA,NA,NA,NA,NA,NA
165,2010-07-22,5.09000518971377e-08,2020-01-20,1,NA,NA,NA,NA,NA,NA,NA,NA,NA,NA,NA,NA
166,2010-09-27,202011.257078356,2020-01-25,0,0.0177810579430016,2021-01-21,1,NA,NA,NA,NA,NA,NA,NA,NA,NA
167,2010-10-22,297.056539303722,2020-01-14,0,3171091.15416839,2021-01-13,0,1146668375.52477,2022-01-29,0,0.154185796733571,2023-01-23,1,NA,NA,NA
168,2010-02-24,4.8750175936802e-14,2020-01-15,1,NA,NA,NA,NA,NA,NA,NA,NA,NA,NA,NA,NA
169,2010-07-24,0.00106802165537808,2020-01-22,1,NA,NA,NA,NA,NA,NA,NA,NA,NA,NA,NA,NA
170,2010-02-21,0.0981249236087717,2020-01-14,1,NA,NA,NA,NA,NA,NA,NA,NA,NA,NA,NA,NA
171,2010-12-22,562545.722307222,2020-01-09,0,0.00570170754165716,2021-01-13,1,NA,NA,NA,NA,NA,NA,NA,NA,NA
172,2010-04-24,3.07296753455953,2020-01-01,1,NA,NA,NA,NA,NA,NA,NA,NA,NA,NA,NA,NA
173,2010-08-25,0.00242482659338905,2020-01-01,1,NA,NA,NA,NA,NA,NA,NA,NA,NA,NA,NA,NA
174,2010-05-29,0.00210365075841768,2020-01-07,1,NA,NA,NA,NA,NA,NA,NA,NA,NA,NA,NA,NA
175,2010-02-27,0.0621470668010491,2020-01-27,1,NA,NA,NA,NA,NA,NA,NA,NA,NA,NA,NA,NA
176,2010-02-03,0.000487582852534095,2020-01-28,1,NA,NA,NA,NA,NA,NA,NA,NA,NA,NA,NA,NA
177,2010-03-19,6.59429768110781e-09,2020-01-13,1,NA,NA,NA,NA,NA,NA,NA,NA,NA,NA,NA,NA
178,2010-06-17,50815.0576445847,2020-01-05,0,2.0698490854907,2021-01-05,1,NA,NA,NA,NA,NA,NA,NA,NA,NA
179,2010-07-23,3.25399035498274e-05,2020-01-11,1,NA,NA,NA,NA,NA,NA,NA,NA,NA,NA,NA,NA
180,2010-02-12,0.0300842963039032,2020-01-12,1,NA,NA,NA,NA,NA,NA,NA,NA,NA,NA,NA,NA
181,2010-03-19,7.15911272075734e-06,2020-01-17,1,NA,NA,NA,NA,NA,NA,NA,NA,NA,NA,NA,NA
182,2010-11-24,11.1520702347187,2020-01-10,1,NA,NA,NA,NA,NA,NA,NA,NA,NA,NA,NA,NA
183,2010-08-03,82.9651458906713,2020-01-24,1,NA,NA,NA,NA,NA,NA,NA,NA,NA,NA,NA,NA
184,2010-07-26,1.58467444681276e-14,2020-01-28,1,NA,NA,NA,NA,NA,NA,NA,NA,NA,NA,NA,NA
185,2010-04-24,1576317232438001,2020-01-20,0,Inf,2021-01-06,0,435732.117722619,2022-01-20,0,44981822359.9914,2023-01-06,0,22294579284.9677,2024-01-08,0
186,2010-06-15,4.48704290694008e-15,2020-01-10,1,NA,NA,NA,NA,NA,NA,NA,NA,NA,NA,NA,NA
187,2010-12-13,1431726.97703951,2020-01-25,0,463959.744975405,2021-01-06,0,1231847.81966138,2022-01-04,0,121.781782800165,2023-01-26,1,NA,NA,NA
188,2010-09-18,50.7400649340113,2020-01-19,1,NA,NA,NA,NA,NA,NA,NA,NA,NA,NA,NA,NA
189,2010-09-17,1.04265363347518e-05,2020-01-16,1,NA,NA,NA,NA,NA,NA,NA,NA,NA,NA,NA,NA
190,2010-09-23,0.12135654868472,2020-01-18,1,NA,NA,NA,NA,NA,NA,NA,NA,NA,NA,NA,NA
191,2010-12-21,0.07932240009346,2020-01-10,1,NA,NA,NA,NA,NA,NA,NA,NA,NA,NA,NA,NA
192,2010-11-09,9835.89329342179,2020-01-20,0,0.000143993785240313,2021-01-13,1,NA,NA,NA,NA,NA,NA,NA,NA,NA
193,2010-10-01,1.81192115910374e-08,2020-01-12,1,NA,NA,NA,NA,NA,NA,NA,NA,NA,NA,NA,NA
194,2010-03-02,8862813558.2484,2020-01-18,0,6261282.11954468,2021-01-11,0,80.6600242298625,2022-01-13,1,NA,NA,NA,NA,NA,NA
195,2010-12-16,12.2047890949428,2020-01-24,1,NA,NA,NA,NA,NA,NA,NA,NA,NA,NA,NA,NA
196,2010-06-20,18336.2791597666,2020-01-10,0,0.00417289900403165,2021-01-26,1,NA,NA,NA,NA,NA,NA,NA,NA,NA
197,2010-11-23,4551512.16562881,2020-01-06,0,9633.43317150878,2021-01-06,0,0.105715066951221,2022-01-28,1,NA,NA,NA,NA,NA,NA
198,2010-07-01,2794978.83043439,2020-01-16,0,18.379422192017,2021-01-26,1,NA,NA,NA,NA,NA,NA,NA,NA,NA
199,2010-04-03,143425828.373414,2020-01-06,0,3.06435871755545,2021-01-12,1,NA,NA,NA,NA,NA,NA,NA,NA,NA
200,2010-08-28,0.00457565440271221,2020-01-09,1,NA,NA,NA,NA,NA,NA,NA,NA,NA,NA,NA,NA
201,2010-12-08,1822661.74258441,2020-01-19,0,2848569.42778085,2021-01-05,0,0.118952878703122,2022-01-15,1,NA,NA,NA,NA,NA,NA
202,2010-04-03,6.43368705600478e-08,2020-01-11,1,NA,NA,NA,NA,NA,NA,NA,NA,NA,NA,NA,NA
203,2010-08-23,4.79683507919512e-07,2020-01-22,1,NA,NA,NA,NA,NA,NA,NA,NA,NA,NA,NA,NA
204,2010-02-25,294673708.128304,2020-01-07,0,110538.61743196,2021-01-11,0,11.0904134663126,2022-01-28,1,NA,NA,NA,NA,NA,NA
205,2010-05-31,0.000104377189066272,2020-01-02,1,NA,NA,NA,NA,NA,NA,NA,NA,NA,NA,NA,NA
206,2010-12-01,0.559628695643329,2020-01-30,1,NA,NA,NA,NA,NA,NA,NA,NA,NA,NA,NA,NA
207,2010-04-29,0.0108508325824661,2020-01-24,1,NA,NA,NA,NA,NA,NA,NA,NA,NA,NA,NA,NA
208,2010-01-27,0.036157331878929,2020-01-26,1,NA,NA,NA,NA,NA,NA,NA,NA,NA,NA,NA,NA
209,2010-10-04,3.10288321772948e-07,2020-01-16,1,NA,NA,NA,NA,NA,NA,NA,NA,NA,NA,NA,NA
210,2010-01-04,138.309282896825,2020-01-23,0,2.1378449580827e-10,2021-01-12,1,NA,NA,NA,NA,NA,NA,NA,NA,NA
211,2010-02-04,6185.46144420743,2020-01-13,0,1535857.50514392,2021-01-13,0,2.38801833572957,2022-01-18,1,NA,NA,NA,NA,NA,NA
212,2010-03-05,0.0005239752131117,2020-01-06,1,NA,NA,NA,NA,NA,NA,NA,NA,NA,NA,NA,NA
213,2010-09-18,0.827306344742674,2020-01-26,1,NA,NA,NA,NA,NA,NA,NA,NA,NA,NA,NA,NA
214,2010-11-03,0.074413048781736,2020-01-07,1,NA,NA,NA,NA,NA,NA,NA,NA,NA,NA,NA,NA
215,2010-11-16,0.0139723978312327,2020-01-28,1,NA,NA,NA,NA,NA,NA,NA,NA,NA,NA,NA,NA
216,2010-03-13,3590.91760145094,2020-01-26,0,1.26220911663016e-12,2021-01-06,1,NA,NA,NA,NA,NA,NA,NA,NA,NA
217,2010-02-19,0.0211783399484565,2020-01-04,1,NA,NA,NA,NA,NA,NA,NA,NA,NA,NA,NA,NA
218,2010-09-09,1.2331639506213e-05,2020-01-24,1,NA,NA,NA,NA,NA,NA,NA,NA,NA,NA,NA,NA
219,2010-11-25,6.90447068455557e-05,2020-01-26,1,NA,NA,NA,NA,NA,NA,NA,NA,NA,NA,NA,NA
220,2010-06-28,2.29971821886011,2020-01-05,1,NA,NA,NA,NA,NA,NA,NA,NA,NA,NA,NA,NA
221,2010-01-22,0.000115890545939236,2020-01-08,1,NA,NA,NA,NA,NA,NA,NA,NA,NA,NA,NA,NA
222,2010-05-06,4.88297669206365e-12,2020-01-30,1,NA,NA,NA,NA,NA,NA,NA,NA,NA,NA,NA,NA
223,2010-02-10,0.00348051489209881,2020-01-17,1,NA,NA,NA,NA,NA,NA,NA,NA,NA,NA,NA,NA
224,2010-05-17,0.00299112393138869,2020-01-16,1,NA,NA,NA,NA,NA,NA,NA,NA,NA,NA,NA,NA
225,2010-02-11,1.2635349304912e-08,2020-01-21,1,NA,NA,NA,NA,NA,NA,NA,NA,NA,NA,NA,NA
226,2010-05-08,1.63474059577283,2020-01-18,1,NA,NA,NA,NA,NA,NA,NA,NA,NA,NA,NA,NA
227,2010-06-30,6611438.51592612,2020-01-17,0,2.59326673918616,2021-01-20,1,NA,NA,NA,NA,NA,NA,NA,NA,NA
228,2010-01-09,0.00507099568827042,2020-01-09,1,NA,NA,NA,NA,NA,NA,NA,NA,NA,NA,NA,NA
229,2010-05-09,0.0309336130704313,2020-01-03,1,NA,NA,NA,NA,NA,NA,NA,NA,NA,NA,NA,NA
230,2010-08-12,0.000109552129418118,2020-01-29,1,NA,NA,NA,NA,NA,NA,NA,NA,NA,NA,NA,NA
231,2010-01-28,0.0246318769730283,2020-01-10,1,NA,NA,NA,NA,NA,NA,NA,NA,NA,NA,NA,NA
232,2010-06-08,0.000121896318200323,2020-01-06,1,NA,NA,NA,NA,NA,NA,NA,NA,NA,NA,NA,NA
233,2010-04-19,0.00200855333863973,2020-01-29,1,NA,NA,NA,NA,NA,NA,NA,NA,NA,NA,NA,NA
234,2010-08-06,444847.491884074,2020-01-25,0,31078.7235396323,2021-01-28,0,0.111408697287036,2022-01-19,1,NA,NA,NA,NA,NA,NA
235,2010-11-17,0.00147909218270248,2020-01-18,1,NA,NA,NA,NA,NA,NA,NA,NA,NA,NA,NA,NA
236,2010-12-19,1.46191957604313e-06,2020-01-27,1,NA,NA,NA,NA,NA,NA,NA,NA,NA,NA,NA,NA
237,2010-06-22,2.30629016446603e-07,2020-01-07,1,NA,NA,NA,NA,NA,NA,NA,NA,NA,NA,NA,NA
238,2010-01-19,6.2940586568156e-06,2020-01-16,1,NA,NA,NA,NA,NA,NA,NA,NA,NA,NA,NA,NA
239,2010-06-13,1.08235290926701e-05,2020-01-08,1,NA,NA,NA,NA,NA,NA,NA,NA,NA,NA,NA,NA
240,2010-12-12,32412393975.7898,2020-01-04,0,234.646706634812,2021-01-23,0,0.000195544706656143,2022-01-27,1,NA,NA,NA,NA,NA,NA
241,2010-11-27,0.0108598630083308,2020-01-26,1,NA,NA,NA,NA,NA,NA,NA,NA,NA,NA,NA,NA
242,2010-06-02,3.5533529329258e-06,2020-01-02,1,NA,NA,NA,NA,NA,NA,NA,NA,NA,NA,NA,NA
243,2010-10-08,4.57052565810848e-13,2020-01-20,1,NA,NA,NA,NA,NA,NA,NA,NA,NA,NA,NA,NA
244,2010-10-25,1255.41496579302,2020-01-19,0,4.22250703877565e-06,2021-01-27,1,NA,NA,NA,NA,NA,NA,NA,NA,NA
245,2010-12-15,7112661.30197856,2020-01-06,0,0.236387618416607,2021-01-29,1,NA,NA,NA,NA,NA,NA,NA,NA,NA
246,2010-11-24,2181.51490050794,2020-01-02,0,3579.25612796646,2021-01-06,0,2.13751863149948e-09,2022-01-16,1,NA,NA,NA,NA,NA,NA
247,2010-11-14,801.563145829141,2020-01-16,0,416.81412667428,2021-01-15,0,1.2940828572584e-05,2022-01-30,1,NA,NA,NA,NA,NA,NA
248,2010-10-17,0.661461095268783,2020-01-11,1,NA,NA,NA,NA,NA,NA,NA,NA,NA,NA,NA,NA
249,2010-10-16,12061.8704940556,2020-01-22,0,4.21267095793611e-09,2021-01-12,1,NA,NA,NA,NA,NA,NA,NA,NA,NA
250,2010-02-13,17622.9012880818,2020-01-23,0,94884.453399811,2021-01-12,0,27036.8757157249,2022-01-10,0,891.174705904729,2023-01-26,0,1.0392429642832e-18,2024-01-10,1
251,2010-10-05,3.65724532580013e-06,2020-01-29,1,NA,NA,NA,NA,NA,NA,NA,NA,NA,NA,NA,NA
252,2010-10-13,435.325063553886,2020-01-08,0,1179008.34734077,2021-01-01,0,61.0052657668188,2022-01-15,1,NA,NA,NA,NA,NA,NA
253,2010-02-02,5.63443350442402e-05,2020-01-06,1,NA,NA,NA,NA,NA,NA,NA,NA,NA,NA,NA,NA
254,2010-02-04,0.00174731841963502,2020-01-25,1,NA,NA,NA,NA,NA,NA,NA,NA,NA,NA,NA,NA
255,2010-02-26,2.28151119262534e-17,2020-01-11,1,NA,NA,NA,NA,NA,NA,NA,NA,NA,NA,NA,NA
256,2010-07-27,15.1303952350038,2020-01-13,1,NA,NA,NA,NA,NA,NA,NA,NA,NA,NA,NA,NA
257,2010-11-28,0.00484117449193505,2020-01-26,1,NA,NA,NA,NA,NA,NA,NA,NA,NA,NA,NA,NA
258,2010-04-23,8.7261955876734e-30,2020-01-15,1,NA,NA,NA,NA,NA,NA,NA,NA,NA,NA,NA,NA
259,2010-10-03,25904.2983449787,2020-01-10,0,1.68908744669142e-09,2021-01-28,1,NA,NA,NA,NA,NA,NA,NA,NA,NA
260,2010-04-20,0.124785368924327,2020-01-28,1,NA,NA,NA,NA,NA,NA,NA,NA,NA,NA,NA,NA
261,2010-08-04,11319802.8722537,2020-01-28,0,1.47690209369824,2021-01-13,1,NA,NA,NA,NA,NA,NA,NA,NA,NA
262,2010-07-21,4.58228040783606e-21,2020-01-14,1,NA,NA,NA,NA,NA,NA,NA,NA,NA,NA,NA,NA
263,2010-10-07,0.00927001686190275,2020-01-26,1,NA,NA,NA,NA,NA,NA,NA,NA,NA,NA,NA,NA
264,2010-08-12,0.00109765002867467,2020-01-27,1,NA,NA,NA,NA,NA,NA,NA,NA,NA,NA,NA,NA
265,2010-01-15,1.3547972173706e-11,2020-01-02,1,NA,NA,NA,NA,NA,NA,NA,NA,NA,NA,NA,NA
266,2010-03-25,2.53137614069074e-12,2020-01-15,1,NA,NA,NA,NA,NA,NA,NA,NA,NA,NA,NA,NA
267,2010-11-04,1015.5524774867,2020-01-20,0,1.0573168326603e-17,2021-01-29,1,NA,NA,NA,NA,NA,NA,NA,NA,NA
268,2010-05-18,8.81937737457709e-20,2020-01-19,1,NA,NA,NA,NA,NA,NA,NA,NA,NA,NA,NA,NA
269,2010-11-16,2.15211551858968e-08,2020-01-03,1,NA,NA,NA,NA,NA,NA,NA,NA,NA,NA,NA,NA
270,2010-07-08,75.7499532568658,2020-01-18,1,NA,NA,NA,NA,NA,NA,NA,NA,NA,NA,NA,NA
271,2010-04-27,26.9531516585236,2020-01-03,1,NA,NA,NA,NA,NA,NA,NA,NA,NA,NA,NA,NA
272,2010-02-07,1787511.18845151,2020-01-19,0,0.121607235646724,2021-01-09,1,NA,NA,NA,NA,NA,NA,NA,NA,NA
273,2010-01-31,0.00102251133203664,2020-01-16,1,NA,NA,NA,NA,NA,NA,NA,NA,NA,NA,NA,NA
274,2010-03-09,14088.320077276,2020-01-19,0,941.388118170227,2021-01-16,0,1001470.84314797,2022-01-11,0,11.2546151236536,2023-01-02,1,NA,NA,NA
275,2010-05-28,1.28012282079804e-14,2020-01-16,1,NA,NA,NA,NA,NA,NA,NA,NA,NA,NA,NA,NA
276,2010-04-26,0.00162264247936971,2020-01-20,1,NA,NA,NA,NA,NA,NA,NA,NA,NA,NA,NA,NA
277,2010-12-19,0.000786419975768393,2020-01-15,1,NA,NA,NA,NA,NA,NA,NA,NA,NA,NA,NA,NA
278,2010-11-04,15927.0687970549,2020-01-23,0,8.0334944751028,2021-01-30,1,NA,NA,NA,NA,NA,NA,NA,NA,NA
279,2010-10-27,1.55072339496532e-10,2020-01-27,1,NA,NA,NA,NA,NA,NA,NA,NA,NA,NA,NA,NA
280,2010-11-17,324.673666887428,2020-01-26,0,58541.7444088396,2021-01-12,0,570759842.744162,2022-01-19,0,29.3699808581365,2023-01-10,1,NA,NA,NA
281,2010-01-04,0.0176758383281404,2020-01-19,1,NA,NA,NA,NA,NA,NA,NA,NA,NA,NA,NA,NA
282,2010-05-03,55.7242783030581,2020-01-04,1,NA,NA,NA,NA,NA,NA,NA,NA,NA,NA,NA,NA
283,2010-05-06,53160021.6537794,2020-01-08,0,9.51769360878217e-10,2021-01-10,1,NA,NA,NA,NA,NA,NA,NA,NA,NA
284,2010-09-08,0.123147854783416,2020-01-01,1,NA,NA,NA,NA,NA,NA,NA,NA,NA,NA,NA,NA
285,2010-08-25,0.000274850307492628,2020-01-17,1,NA,NA,NA,NA,NA,NA,NA,NA,NA,NA,NA,NA
286,2010-12-27,5.10117685985029e-09,2020-01-02,1,NA,NA,NA,NA,NA,NA,NA,NA,NA,NA,NA,NA
287,2010-05-07,0.0200372190876289,2020-01-10,1,NA,NA,NA,NA,NA,NA,NA,NA,NA,NA,NA,NA
288,2010-06-15,6.1789212901296e-06,2020-01-09,1,NA,NA,NA,NA,NA,NA,NA,NA,NA,NA,NA,NA
289,2010-03-18,1.1154337895272e-06,2020-01-15,1,NA,NA,NA,NA,NA,NA,NA,NA,NA,NA,NA,NA
290,2010-03-18,0.300839970976973,2020-01-03,1,NA,NA,NA,NA,NA,NA,NA,NA,NA,NA,NA,NA
291,2010-09-13,7.73577413842508,2020-01-04,1,NA,NA,NA,NA,NA,NA,NA,NA,NA,NA,NA,NA
292,2010-11-15,0.0028569917844766,2020-01-07,1,NA,NA,NA,NA,NA,NA,NA,NA,NA,NA,NA,NA
293,2010-06-12,119234.172605149,2020-01-14,0,0.285677619866407,2021-01-02,1,NA,NA,NA,NA,NA,NA,NA,NA,NA
294,2010-08-22,2.47553384886419e-08,2020-01-27,1,NA,NA,NA,NA,NA,NA,NA,NA,NA,NA,NA,NA
295,2010-04-13,15908.3191660902,2020-01-17,0,3.99700812208578e-05,2021-01-21,1,NA,NA,NA,NA,NA,NA,NA,NA,NA
296,2010-01-10,76128491.8543864,2020-01-28,0,7121273617.76092,2021-01-28,0,1.17508076139346e-07,2022-01-23,1,NA,NA,NA,NA,NA,NA
297,2010-12-17,2.21692916816937e-07,2020-01-08,1,NA,NA,NA,NA,NA,NA,NA,NA,NA,NA,NA,NA
298,2010-04-07,4.74327220229408e-08,2020-01-21,1,NA,NA,NA,NA,NA,NA,NA,NA,NA,NA,NA,NA
299,2010-05-01,2.10172044569041,2020-01-16,1,NA,NA,NA,NA,NA,NA,NA,NA,NA,NA,NA,NA
300,2010-04-28,9.79863081607658e-06,2020-01-20,1,NA,NA,NA,NA,NA,NA,NA,NA,NA,NA,NA,NA
301,2010-07-05,1.01575699039489e-08,2020-01-08,1,NA,NA,NA,NA,NA,NA,NA,NA,NA,NA,NA,NA
302,2010-04-30,1029.93503384437,2020-01-25,0,5.2265014865884e-22,2021-01-02,1,NA,NA,NA,NA,NA,NA,NA,NA,NA
303,2010-07-20,2.35623783640139e-08,2020-01-08,1,NA,NA,NA,NA,NA,NA,NA,NA,NA,NA,NA,NA
304,2010-02-26,0.0537814797703736,2020-01-04,1,NA,NA,NA,NA,NA,NA,NA,NA,NA,NA,NA,NA
305,2010-05-24,4899631.36649305,2020-01-13,0,6107.06534119988,2021-01-07,0,0.615751353983728,2022-01-17,1,NA,NA,NA,NA,NA,NA
306,2010-03-17,0.000227175005103447,2020-01-28,1,NA,NA,NA,NA,NA,NA,NA,NA,NA,NA,NA,NA
307,2010-05-24,1.90230765510056e-10,2020-01-21,1,NA,NA,NA,NA,NA,NA,NA,NA,NA,NA,NA,NA
308,2010-05-08,Inf,2020-01-08,0,4.84431516967489,2021-01-23,1,NA,NA,NA,NA,NA,NA,NA,NA,NA
309,2010-10-28,0.0442441833505262,2020-01-13,1,NA,NA,NA,NA,NA,NA,NA,NA,NA,NA,NA,NA
310,2010-05-04,3019.97097762636,2020-01-19,0,2.94970946478434,2021-01-04,1,NA,NA,NA,NA,NA,NA,NA,NA,NA
311,2010-06-05,144483009.380629,2020-01-18,0,13.5173466890303,2021-01-22,1,NA,NA,NA,NA,NA,NA,NA,NA,NA
312,2010-06-03,48.8851637385112,2020-01-17,1,NA,NA,NA,NA,NA,NA,NA,NA,NA,NA,NA,NA
313,2010-06-28,1142.59768797275,2020-01-26,0,3.04783208754097e-06,2021-01-30,1,NA,NA,NA,NA,NA,NA,NA,NA,NA
314,2010-03-17,0.000188829563340034,2020-01-12,1,NA,NA,NA,NA,NA,NA,NA,NA,NA,NA,NA,NA
315,2010-11-07,1.60912660981162e-09,2020-01-12,1,NA,NA,NA,NA,NA,NA,NA,NA,NA,NA,NA,NA
316,2010-04-01,0.00944292331315559,2020-01-20,1,NA,NA,NA,NA,NA,NA,NA,NA,NA,NA,NA,NA
317,2010-05-27,397.463309685242,2020-01-14,0,151016.908744926,2021-01-29,0,15622.5378046659,2022-01-30,0,25405947444122.9,2023-01-01,0,3416.18938059646,2024-01-16,0
318,2010-12-03,161.195175018327,2020-01-26,0,273098.522255472,2021-01-18,0,4.07094417794244,2022-01-18,1,NA,NA,NA,NA,NA,NA
319,2010-08-22,1.02664680287116e-05,2020-01-21,1,NA,NA,NA,NA,NA,NA,NA,NA,NA,NA,NA,NA
320,2010-12-31,47.6467950532295,2020-01-09,1,NA,NA,NA,NA,NA,NA,NA,NA,NA,NA,NA,NA
321,2010-11-25,0.000109970002121524,2020-01-04,1,NA,NA,NA,NA,NA,NA,NA,NA,NA,NA,NA,NA
322,2010-04-29,186.444055553486,2020-01-23,0,2956.81574933183,2021-01-22,0,0.00638876032266426,2022-01-14,1,NA,NA,NA,NA,NA,NA
323,2010-10-17,0.163694877411,2020-01-22,1,NA,NA,NA,NA,NA,NA,NA,NA,NA,NA,NA,NA
324,2010-12-11,6.30528678227161e-14,2020-01-23,1,NA,NA,NA,NA,NA,NA,NA,NA,NA,NA,NA,NA
325,2010-09-01,7.09986796766731e-07,2020-01-09,1,NA,NA,NA,NA,NA,NA,NA,NA,NA,NA,NA,NA
326,2010-01-26,1.70082561686864e-08,2020-01-14,1,NA,NA,NA,NA,NA,NA,NA,NA,NA,NA,NA,NA
327,2010-05-06,0.00325517127384626,2020-01-04,1,NA,NA,NA,NA,NA,NA,NA,NA,NA,NA,NA,NA
328,2010-08-08,3.32908863286305e-08,2020-01-01,1,NA,NA,NA,NA,NA,NA,NA,NA,NA,NA,NA,NA
329,2010-03-09,1362.64399202418,2020-01-02,0,7.58474115522265,2021-01-15,1,NA,NA,NA,NA,NA,NA,NA,NA,NA
330,2010-12-10,0.0739451992521376,2020-01-12,1,NA,NA,NA,NA,NA,NA,NA,NA,NA,NA,NA,NA
331,2010-02-24,1.46075870289874,2020-01-08,1,NA,NA,NA,NA,NA,NA,NA,NA,NA,NA,NA,NA
332,2010-05-10,26690.642565864,2020-01-19,0,9.86661886053236e-08,2021-01-24,1,NA,NA,NA,NA,NA,NA,NA,NA,NA
333,2010-07-06,0.745343080169285,2020-01-04,1,NA,NA,NA,NA,NA,NA,NA,NA,NA,NA,NA,NA
334,2010-12-30,0.000807517632557107,2020-01-10,1,NA,NA,NA,NA,NA,NA,NA,NA,NA,NA,NA,NA
335,2010-11-04,0.0122557666753308,2020-01-04,1,NA,NA,NA,NA,NA,NA,NA,NA,NA,NA,NA,NA
336,2010-06-23,3.0161962758358e-10,2020-01-12,1,NA,NA,NA,NA,NA,NA,NA,NA,NA,NA,NA,NA
337,2010-08-06,0.00172523099283664,2020-01-29,1,NA,NA,NA,NA,NA,NA,NA,NA,NA,NA,NA,NA
338,2010-09-02,7.74420884784374e-13,2020-01-20,1,NA,NA,NA,NA,NA,NA,NA,NA,NA,NA,NA,NA
339,2010-10-17,35188.6938298251,2020-01-04,0,0.185018529717022,2021-01-01,1,NA,NA,NA,NA,NA,NA,NA,NA,NA
340,2010-06-10,5.45464936874556e-09,2020-01-11,1,NA,NA,NA,NA,NA,NA,NA,NA,NA,NA,NA,NA
341,2010-10-08,48314.0585721226,2020-01-26,0,1.36334147478485e-07,2021-01-17,1,NA,NA,NA,NA,NA,NA,NA,NA,NA
342,2010-02-16,6.58552561566621e-05,2020-01-24,1,NA,NA,NA,NA,NA,NA,NA,NA,NA,NA,NA,NA
343,2010-05-20,1648.81941790886,2020-01-22,0,154832938.000654,2021-01-14,0,0.00398182500796874,2022-01-07,1,NA,NA,NA,NA,NA,NA
344,2010-07-12,9574868025.47265,2020-01-23,0,12.0446539797555,2021-01-10,1,NA,NA,NA,NA,NA,NA,NA,NA,NA
345,2010-03-11,187.410117074143,2020-01-06,0,21.8679901943007,2021-01-26,1,NA,NA,NA,NA,NA,NA,NA,NA,NA
346,2010-09-03,0.00157596333034391,2020-01-26,1,NA,NA,NA,NA,NA,NA,NA,NA,NA,NA,NA,NA
347,2010-06-02,1.98079366535198e-19,2020-01-09,1,NA,NA,NA,NA,NA,NA,NA,NA,NA,NA,NA,NA
348,2010-01-05,0.966569422252895,2020-01-12,1,NA,NA,NA,NA,NA,NA,NA,NA,NA,NA,NA,NA
349,2010-04-01,103.066628297111,2020-01-11,1,NA,NA,NA,NA,NA,NA,NA,NA,NA,NA,NA,NA
350,2010-08-21,5.49728637900962e-16,2020-01-09,1,NA,NA,NA,NA,NA,NA,NA,NA,NA,NA,NA,NA
351,2010-12-23,1.40912916816475e-12,2020-01-18,1,NA,NA,NA,NA,NA,NA,NA,NA,NA,NA,NA,NA
352,2010-05-30,423.865534843595,2020-01-27,0,5.06765501951726e-07,2021-01-30,1,NA,NA,NA,NA,NA,NA,NA,NA,NA
353,2010-08-09,5.39528010893002e-16,2020-01-11,1,NA,NA,NA,NA,NA,NA,NA,NA,NA,NA,NA,NA
354,2010-08-07,0.43526219136046,2020-01-21,1,NA,NA,NA,NA,NA,NA,NA,NA,NA,NA,NA,NA
355,2010-05-13,3.83002289833946,2020-01-24,1,NA,NA,NA,NA,NA,NA,NA,NA,NA,NA,NA,NA
356,2010-09-28,41315.8515749071,2020-01-21,0,3731.49250430382,2021-01-20,0,36.4187948389181,2022-01-03,1,NA,NA,NA,NA,NA,NA
357,2010-10-01,227.320753494876,2020-01-12,0,2.63655525844266e-05,2021-01-08,1,NA,NA,NA,NA,NA,NA,NA,NA,NA
358,2010-08-04,21.8160066413151,2020-01-19,1,NA,NA,NA,NA,NA,NA,NA,NA,NA,NA,NA,NA
359,2010-06-15,3.41013489371837e-11,2020-01-01,1,NA,NA,NA,NA,NA,NA,NA,NA,NA,NA,NA,NA
360,2010-07-22,2376529.21755097,2020-01-14,0,227832144.64528,2021-01-25,0,0.0175212022362037,2022-01-26,1,NA,NA,NA,NA,NA,NA
361,2010-05-19,8.56748334479631e-22,2020-01-14,1,NA,NA,NA,NA,NA,NA,NA,NA,NA,NA,NA,NA
362,2010-02-17,212.881682010011,2020-01-21,0,6.1945801457439e-06,2021-01-22,1,NA,NA,NA,NA,NA,NA,NA,NA,NA
363,2010-08-09,0.000719995841257474,2020-01-01,1,NA,NA,NA,NA,NA,NA,NA,NA,NA,NA,NA,NA
364,2010-09-09,4.30705023239448e-07,2020-01-04,1,NA,NA,NA,NA,NA,NA,NA,NA,NA,NA,NA,NA
365,2010-07-23,54767.2604789213,2020-01-25,0,4.68098908873045e-07,2021-01-30,1,NA,NA,NA,NA,NA,NA,NA,NA,NA
366,2010-10-22,4619007043.04037,2020-01-05,0,2.11894117033385e-06,2021-01-08,1,NA,NA,NA,NA,NA,NA,NA,NA,NA
367,2010-06-06,5.20728304449303e-08,2020-01-07,1,NA,NA,NA,NA,NA,NA,NA,NA,NA,NA,NA,NA
368,2010-11-25,0.0006172091445692,2020-01-06,1,NA,NA,NA,NA,NA,NA,NA,NA,NA,NA,NA,NA
369,2010-01-09,4915.05439355786,2020-01-04,0,0.819079676528796,2021-01-27,1,NA,NA,NA,NA,NA,NA,NA,NA,NA
370,2010-03-11,20350.5491539129,2020-01-21,0,0.0536301082615007,2021-01-15,1,NA,NA,NA,NA,NA,NA,NA,NA,NA
371,2010-01-01,4884819.90151927,2020-01-09,0,1.91080210128479e-15,2021-01-10,1,NA,NA,NA,NA,NA,NA,NA,NA,NA
372,2010-02-27,1.63817812563568e-12,2020-01-29,1,NA,NA,NA,NA,NA,NA,NA,NA,NA,NA,NA,NA
373,2010-03-15,471.982195453566,2020-01-22,0,1.31406730448444e-05,2021-01-12,1,NA,NA,NA,NA,NA,NA,NA,NA,NA
374,2010-12-10,0.0150974621257162,2020-01-27,1,NA,NA,NA,NA,NA,NA,NA,NA,NA,NA,NA,NA
375,2010-11-30,0.190818668524131,2020-01-01,1,NA,NA,NA,NA,NA,NA,NA,NA,NA,NA,NA,NA
376,2010-02-14,0.0539597312950127,2020-01-30,1,NA,NA,NA,NA,NA,NA,NA,NA,NA,NA,NA,NA
377,2010-12-10,4.10047515249928e-06,2020-01-19,1,NA,NA,NA,NA,NA,NA,NA,NA,NA,NA,NA,NA
378,2010-09-12,1.05131516139626e-10,2020-01-18,1,NA,NA,NA,NA,NA,NA,NA,NA,NA,NA,NA,NA
379,2010-02-20,0.000434105914759716,2020-01-05,1,NA,NA,NA,NA,NA,NA,NA,NA,NA,NA,NA,NA
380,2010-07-10,786.888036774959,2020-01-19,0,8187.57379275841,2021-01-23,0,0.00227441685107689,2022-01-08,1,NA,NA,NA,NA,NA,NA
381,2010-09-26,0.00086598633720427,2020-01-15,1,NA,NA,NA,NA,NA,NA,NA,NA,NA,NA,NA,NA
382,2010-04-08,7.27467312738564e-15,2020-01-26,1,NA,NA,NA,NA,NA,NA,NA,NA,NA,NA,NA,NA
383,2010-08-25,4.38485512706852e-33,2020-01-23,1,NA,NA,NA,NA,NA,NA,NA,NA,NA,NA,NA,NA
384,2010-09-23,0.115469917069922,2020-01-28,1,NA,NA,NA,NA,NA,NA,NA,NA,NA,NA,NA,NA
385,2010-03-01,1.59066431661661e-07,2020-01-22,1,NA,NA,NA,NA,NA,NA,NA,NA,NA,NA,NA,NA
386,2010-11-20,5.46134792908687e-08,2020-01-02,1,NA,NA,NA,NA,NA,NA,NA,NA,NA,NA,NA,NA
387,2010-10-01,19035.0212007621,2020-01-29,0,1.59369036636741e-11,2021-01-04,1,NA,NA,NA,NA,NA,NA,NA,NA,NA
388,2010-07-16,4.06099794509283e-12,2020-01-06,1,NA,NA,NA,NA,NA,NA,NA,NA,NA,NA,NA,NA
389,2010-03-15,3382717.87160753,2020-01-17,0,0.32116908287683,2021-01-13,1,NA,NA,NA,NA,NA,NA,NA,NA,NA
390,2010-04-30,646736.855391062,2020-01-15,0,0.000199564080923576,2021-01-20,1,NA,NA,NA,NA,NA,NA,NA,NA,NA
391,2010-09-13,198.874465945798,2020-01-08,0,1.5097951597299e-05,2021-01-09,1,NA,NA,NA,NA,NA,NA,NA,NA,NA
392,2010-04-15,0.00555890200412027,2020-01-21,1,NA,NA,NA,NA,NA,NA,NA,NA,NA,NA,NA,NA
393,2010-12-05,0.000159400801887448,2020-01-30,1,NA,NA,NA,NA,NA,NA,NA,NA,NA,NA,NA,NA
394,2010-01-04,2035.62710999971,2020-01-06,0,4.33937369606699e-06,2021-01-07,1,NA,NA,NA,NA,NA,NA,NA,NA,NA
395,2010-01-07,1.16095037839458e-10,2020-01-12,1,NA,NA,NA,NA,NA,NA,NA,NA,NA,NA,NA,NA
396,2010-12-07,1528049.44489401,2020-01-12,0,0.0111329708183038,2021-01-01,1,NA,NA,NA,NA,NA,NA,NA,NA,NA
397,2010-07-28,770.24685739341,2020-01-24,0,8.99069867246868e-05,2021-01-04,1,NA,NA,NA,NA,NA,NA,NA,NA,NA
398,2010-11-20,49699.1867418695,2020-01-04,0,0.00188104323940053,2021-01-07,1,NA,NA,NA,NA,NA,NA,NA,NA,NA
399,2010-06-05,3.96374322934539e-13,2020-01-25,1,NA,NA,NA,NA,NA,NA,NA,NA,NA,NA,NA,NA
400,2010-05-12,2.45055573386436e-05,2020-01-24,1,NA,NA,NA,NA,NA,NA,NA,NA,NA,NA,NA,NA
401,2010-11-09,65047.6004603284,2020-01-21,0,55.5733703334446,2021-01-04,1,NA,NA,NA,NA,NA,NA,NA,NA,NA
402,2010-09-29,595.265021593292,2020-01-18,0,2.60219024332796e-09,2021-01-21,1,NA,NA,NA,NA,NA,NA,NA,NA,NA
403,2010-03-07,3.16238113547408e-06,2020-01-28,1,NA,NA,NA,NA,NA,NA,NA,NA,NA,NA,NA,NA
404,2010-11-19,4.7411069463019,2020-01-25,1,NA,NA,NA,NA,NA,NA,NA,NA,NA,NA,NA,NA
405,2010-11-25,0.000123481740142505,2020-01-13,1,NA,NA,NA,NA,NA,NA,NA,NA,NA,NA,NA,NA
406,2010-12-28,2.9308276600373e-12,2020-01-25,1,NA,NA,NA,NA,NA,NA,NA,NA,NA,NA,NA,NA
407,2010-10-09,40920.8603453362,2020-01-04,0,11378.2286345417,2021-01-06,0,8796644431.76966,2022-01-30,0,0.0299941981312658,2023-01-08,1,NA,NA,NA
408,2010-04-05,5.41281997953617e-13,2020-01-12,1,NA,NA,NA,NA,NA,NA,NA,NA,NA,NA,NA,NA
409,2010-06-20,0.0263968769635223,2020-01-11,1,NA,NA,NA,NA,NA,NA,NA,NA,NA,NA,NA,NA
410,2010-06-29,1.69698234691921e-05,2020-01-02,1,NA,NA,NA,NA,NA,NA,NA,NA,NA,NA,NA,NA
411,2010-10-01,0.000245967567597705,2020-01-09,1,NA,NA,NA,NA,NA,NA,NA,NA,NA,NA,NA,NA
412,2010-06-30,262753710.636045,2020-01-09,0,0.000322553272608873,2021-01-30,1,NA,NA,NA,NA,NA,NA,NA,NA,NA
413,2010-04-03,8901.80673843943,2020-01-19,0,2414.16339928393,2021-01-29,0,5.96388606669495,2022-01-19,1,NA,NA,NA,NA,NA,NA
414,2010-12-08,3.16629633193042e-13,2020-01-21,1,NA,NA,NA,NA,NA,NA,NA,NA,NA,NA,NA,NA
415,2010-01-03,1934.41091957862,2020-01-06,0,2.3691958522208e-09,2021-01-21,1,NA,NA,NA,NA,NA,NA,NA,NA,NA
416,2010-08-04,5.31241487771713e-05,2020-01-30,1,NA,NA,NA,NA,NA,NA,NA,NA,NA,NA,NA,NA
417,2010-11-16,0.0266191652111648,2020-01-23,1,NA,NA,NA,NA,NA,NA,NA,NA,NA,NA,NA,NA
418,2010-04-08,16.0690477924888,2020-01-02,1,NA,NA,NA,NA,NA,NA,NA,NA,NA,NA,NA,NA
419,2010-10-19,1.07996338888535e-12,2020-01-04,1,NA,NA,NA,NA,NA,NA,NA,NA,NA,NA,NA,NA
420,2010-06-28,0.000243423304194744,2020-01-08,1,NA,NA,NA,NA,NA,NA,NA,NA,NA,NA,NA,NA
421,2010-02-27,1466.99534456762,2020-01-29,0,0.000572294719115183,2021-01-23,1,NA,NA,NA,NA,NA,NA,NA,NA,NA
422,2010-04-13,312042.702425286,2020-01-23,0,400026.942614033,2021-01-22,0,6.11159179228191,2022-01-30,1,NA,NA,NA,NA,NA,NA
423,2010-04-11,3.00904413059351e-06,2020-01-28,1,NA,NA,NA,NA,NA,NA,NA,NA,NA,NA,NA,NA
424,2010-08-11,3.91670782091578e-10,2020-01-20,1,NA,NA,NA,NA,NA,NA,NA,NA,NA,NA,NA,NA
425,2010-01-08,31746330769.4492,2020-01-10,0,70262958197.3909,2021-01-20,0,2330547.39002145,2022-01-12,0,615883114.992831,2023-01-22,0,3983836.88144529,2024-01-06,0
426,2010-05-21,1.4761942145656,2020-01-22,1,NA,NA,NA,NA,NA,NA,NA,NA,NA,NA,NA,NA
427,2010-04-30,2.57182086222771e-09,2020-01-17,1,NA,NA,NA,NA,NA,NA,NA,NA,NA,NA,NA,NA
428,2010-10-01,5.6883180358192e-05,2020-01-13,1,NA,NA,NA,NA,NA,NA,NA,NA,NA,NA,NA,NA
429,2010-12-01,0.00011243180470009,2020-01-11,1,NA,NA,NA,NA,NA,NA,NA,NA,NA,NA,NA,NA
430,2010-09-12,5.83344921463569e-05,2020-01-17,1,NA,NA,NA,NA,NA,NA,NA,NA,NA,NA,NA,NA
431,2010-03-13,0.000133253027212654,2020-01-04,1,NA,NA,NA,NA,NA,NA,NA,NA,NA,NA,NA,NA
432,2010-04-09,6.48963113394266e-06,2020-01-25,1,NA,NA,NA,NA,NA,NA,NA,NA,NA,NA,NA,NA
433,2010-06-30,1.81005650130739e-06,2020-01-01,1,NA,NA,NA,NA,NA,NA,NA,NA,NA,NA,NA,NA
434,2010-11-21,138.113081229621,2020-01-06,0,1.08381605613649e-07,2021-01-06,1,NA,NA,NA,NA,NA,NA,NA,NA,NA
435,2010-10-18,0.126868031736588,2020-01-15,1,NA,NA,NA,NA,NA,NA,NA,NA,NA,NA,NA,NA
436,2010-07-20,579557.288355539,2020-01-06,0,0.000440375012259408,2021-01-28,1,NA,NA,NA,NA,NA,NA,NA,NA,NA
437,2010-03-27,0.00717691860325407,2020-01-15,1,NA,NA,NA,NA,NA,NA,NA,NA,NA,NA,NA,NA
438,2010-04-08,60596.0245471291,2020-01-29,0,271.910073551247,2021-01-17,0,0.000135285936904406,2022-01-17,1,NA,NA,NA,NA,NA,NA
439,2010-03-25,49.8702064654385,2020-01-29,1,NA,NA,NA,NA,NA,NA,NA,NA,NA,NA,NA,NA
440,2010-07-11,0.0653088894556665,2020-01-01,1,NA,NA,NA,NA,NA,NA,NA,NA,NA,NA,NA,NA
441,2010-10-26,8554.75459452533,2020-01-01,0,1027.84460647712,2021-01-17,0,34.9329606060557,2022-01-13,1,NA,NA,NA,NA,NA,NA
442,2010-10-25,0.155095343663637,2020-01-11,1,NA,NA,NA,NA,NA,NA,NA,NA,NA,NA,NA,NA
443,2010-05-25,140.061170734405,2020-01-08,0,52888.3948599869,2021-01-01,0,0.000640925104785175,2022-01-18,1,NA,NA,NA,NA,NA,NA
444,2010-03-11,0.00879975716536717,2020-01-29,1,NA,NA,NA,NA,NA,NA,NA,NA,NA,NA,NA,NA
445,2010-09-16,71136.1006682232,2020-01-25,0,339560.203245505,2021-01-11,0,0.0006118104084204,2022-01-13,1,NA,NA,NA,NA,NA,NA
446,2010-07-13,200591.202138279,2020-01-09,0,58856979405.8044,2021-01-21,0,5600754.03634509,2022-01-07,0,31.2338360619953,2023-01-10,1,NA,NA,NA
447,2010-05-20,0.85049864368652,2020-01-20,1,NA,NA,NA,NA,NA,NA,NA,NA,NA,NA,NA,NA
448,2010-02-07,0.0718300455151584,2020-01-11,1,NA,NA,NA,NA,NA,NA,NA,NA,NA,NA,NA,NA
449,2010-02-15,560.842952898097,2020-01-17,0,16.0519289780719,2021-01-13,1,NA,NA,NA,NA,NA,NA,NA,NA,NA
450,2010-09-29,6.60592890391726e-12,2020-01-08,1,NA,NA,NA,NA,NA,NA,NA,NA,NA,NA,NA,NA
451,2010-03-04,9.41425465393984e-08,2020-01-09,1,NA,NA,NA,NA,NA,NA,NA,NA,NA,NA,NA,NA
452,2010-09-21,3085616.04866669,2020-01-21,0,0.930538406891278,2021-01-23,1,NA,NA,NA,NA,NA,NA,NA,NA,NA
453,2010-06-08,1950600896109.92,2020-01-18,0,0.0768806943549149,2021-01-24,1,NA,NA,NA,NA,NA,NA,NA,NA,NA
454,2010-04-05,49055.3038126844,2020-01-20,0,0.011445456810002,2021-01-18,1,NA,NA,NA,NA,NA,NA,NA,NA,NA
455,2010-06-04,8083199964.80064,2020-01-13,0,7039950.83313086,2021-01-06,0,4968897.53961677,2022-01-03,0,2489.50227044151,2023-01-16,0,11564791.970866,2024-01-23,0
456,2010-02-03,0.0898610261378346,2020-01-14,1,NA,NA,NA,NA,NA,NA,NA,NA,NA,NA,NA,NA
457,2010-01-07,3.07981947911642e-09,2020-01-17,1,NA,NA,NA,NA,NA,NA,NA,NA,NA,NA,NA,NA
458,2010-08-09,0.0175068141391632,2020-01-04,1,NA,NA,NA,NA,NA,NA,NA,NA,NA,NA,NA,NA
459,2010-05-17,412.167666927796,2020-01-09,0,0.138234387239611,2021-01-23,1,NA,NA,NA,NA,NA,NA,NA,NA,NA
460,2010-10-04,6.27436932321432e-13,2020-01-08,1,NA,NA,NA,NA,NA,NA,NA,NA,NA,NA,NA,NA
461,2010-03-28,0.0510280161434659,2020-01-27,1,NA,NA,NA,NA,NA,NA,NA,NA,NA,NA,NA,NA
462,2010-08-22,43.8395674689406,2020-01-26,1,NA,NA,NA,NA,NA,NA,NA,NA,NA,NA,NA,NA
463,2010-10-05,7.67093353404883e-10,2020-01-26,1,NA,NA,NA,NA,NA,NA,NA,NA,NA,NA,NA,NA
464,2010-07-12,230.923279195514,2020-01-27,0,790487889.014717,2021-01-03,0,0.0162206525533599,2022-01-20,1,NA,NA,NA,NA,NA,NA
465,2010-11-14,3.27966054490256e-08,2020-01-28,1,NA,NA,NA,NA,NA,NA,NA,NA,NA,NA,NA,NA
466,2010-06-27,6.49506280219163e-10,2020-01-10,1,NA,NA,NA,NA,NA,NA,NA,NA,NA,NA,NA,NA
467,2010-02-06,9.88587706787743e-05,2020-01-11,1,NA,NA,NA,NA,NA,NA,NA,NA,NA,NA,NA,NA
468,2010-08-24,0.000136062089428468,2020-01-17,1,NA,NA,NA,NA,NA,NA,NA,NA,NA,NA,NA,NA
469,2010-07-04,0.00090685062293833,2020-01-12,1,NA,NA,NA,NA,NA,NA,NA,NA,NA,NA,NA,NA
470,2010-09-18,0.016207796906949,2020-01-08,1,NA,NA,NA,NA,NA,NA,NA,NA,NA,NA,NA,NA
471,2010-11-05,0.0466282326068655,2020-01-11,1,NA,NA,NA,NA,NA,NA,NA,NA,NA,NA,NA,NA
472,2010-03-04,115.224832891947,2020-01-18,1,NA,NA,NA,NA,NA,NA,NA,NA,NA,NA,NA,NA
473,2010-09-24,6.53378446800547e-34,2020-01-28,1,NA,NA,NA,NA,NA,NA,NA,NA,NA,NA,NA,NA
474,2010-03-28,5387735.54689826,2020-01-27,0,67.3393353008879,2021-01-19,1,NA,NA,NA,NA,NA,NA,NA,NA,NA
475,2010-10-12,2.51247904358782,2020-01-12,1,NA,NA,NA,NA,NA,NA,NA,NA,NA,NA,NA,NA
476,2010-04-19,1707.00461044496,2020-01-05,0,6.44187670063951e-12,2021-01-13,1,NA,NA,NA,NA,NA,NA,NA,NA,NA
477,2010-02-26,0.003266579281544,2020-01-17,1,NA,NA,NA,NA,NA,NA,NA,NA,NA,NA,NA,NA
478,2010-11-05,223.09045144919,2020-01-03,0,57.7904718643426,2021-01-24,1,NA,NA,NA,NA,NA,NA,NA,NA,NA
479,2010-05-23,18.1767296479445,2020-01-20,1,NA,NA,NA,NA,NA,NA,NA,NA,NA,NA,NA,NA
480,2010-10-10,2.36185001733606e-15,2020-01-20,1,NA,NA,NA,NA,NA,NA,NA,NA,NA,NA,NA,NA
481,2010-12-04,1.4833627836445e-06,2020-01-23,1,NA,NA,NA,NA,NA,NA,NA,NA,NA,NA,NA,NA
482,2010-01-23,231851.019715549,2020-01-25,0,13214350411.8717,2021-01-25,0,67745731.1903925,2022-01-13,0,0.234353160325344,2023-01-02,1,NA,NA,NA
483,2010-11-11,0.0880539544050195,2020-01-12,1,NA,NA,NA,NA,NA,NA,NA,NA,NA,NA,NA,NA
484,2010-04-15,0.000726544989474219,2020-01-19,1,NA,NA,NA,NA,NA,NA,NA,NA,NA,NA,NA,NA
485,2010-04-04,0.000807844135368814,2020-01-30,1,NA,NA,NA,NA,NA,NA,NA,NA,NA,NA,NA,NA
486,2010-07-03,0.00216724662216213,2020-01-20,1,NA,NA,NA,NA,NA,NA,NA,NA,NA,NA,NA,NA
487,2010-01-24,9.63707215129325e-05,2020-01-06,1,NA,NA,NA,NA,NA,NA,NA,NA,NA,NA,NA,NA
488,2010-01-09,0.337400073093699,2020-01-06,1,NA,NA,NA,NA,NA,NA,NA,NA,NA,NA,NA,NA
489,2010-10-12,427.568458623676,2020-01-03,0,0.108461376243709,2021-01-30,1,NA,NA,NA,NA,NA,NA,NA,NA,NA
490,2010-05-13,4.63873659804311e-05,2020-01-25,1,NA,NA,NA,NA,NA,NA,NA,NA,NA,NA,NA,NA
491,2010-08-12,0.0685305612617874,2020-01-16,1,NA,NA,NA,NA,NA,NA,NA,NA,NA,NA,NA,NA
492,2010-02-16,0.0910521219483402,2020-01-04,1,NA,NA,NA,NA,NA,NA,NA,NA,NA,NA,NA,NA
493,2010-08-10,545657002304.228,2020-01-29,0,443417376203.696,2021-01-07,0,0.000514714136694268,2022-01-03,1,NA,NA,NA,NA,NA,NA
494,2010-08-15,3.46915168293266e-08,2020-01-15,1,NA,NA,NA,NA,NA,NA,NA,NA,NA,NA,NA,NA
495,2010-08-03,0.0727384980109701,2020-01-16,1,NA,NA,NA,NA,NA,NA,NA,NA,NA,NA,NA,NA
496,2010-03-26,0.000169599204890022,2020-01-18,1,NA,NA,NA,NA,NA,NA,NA,NA,NA,NA,NA,NA
497,2010-09-15,0.956334746639073,2020-01-17,1,NA,NA,NA,NA,NA,NA,NA,NA,NA,NA,NA,NA
498,2010-02-08,9.64370089592091e-12,2020-01-12,1,NA,NA,NA,NA,NA,NA,NA,NA,NA,NA,NA,NA
499,2010-09-12,5.56509775448206e-05,2020-01-25,1,NA,NA,NA,NA,NA,NA,NA,NA,NA,NA,NA,NA
500,2010-09-21,0.992372334456304,2020-01-26,1,NA,NA,NA,NA,NA,NA,NA,NA,NA,NA,NA,NA
501,2010-03-17,0.00107384927188673,2020-01-14,1,NA,NA,NA,NA,NA,NA,NA,NA,NA,NA,NA,NA
502,2010-04-18,14689.2095833384,2020-01-20,0,47.83561969456,2021-01-27,1,NA,NA,NA,NA,NA,NA,NA,NA,NA
503,2010-07-13,10266162.1886143,2020-01-17,0,13867.5941426481,2021-01-13,0,0.684899696205755,2022-01-25,1,NA,NA,NA,NA,NA,NA
504,2010-10-08,9.7466291244956e-12,2020-01-25,1,NA,NA,NA,NA,NA,NA,NA,NA,NA,NA,NA,NA
505,2010-06-27,481479.618190288,2020-01-27,0,184045461.677544,2021-01-16,0,1573516.43974552,2022-01-10,0,0.252477544228686,2023-01-17,1,NA,NA,NA
506,2010-08-22,5204.30571803751,2020-01-23,0,0.275652806554478,2021-01-24,1,NA,NA,NA,NA,NA,NA,NA,NA,NA
507,2010-07-05,0.000732748879082992,2020-01-17,1,NA,NA,NA,NA,NA,NA,NA,NA,NA,NA,NA,NA
508,2010-11-30,90181081.7742416,2020-01-27,0,414995802857.951,2021-01-04,0,8749.17847686145,2022-01-23,0,19.1695281770372,2023-01-04,1,NA,NA,NA
509,2010-06-28,1.41703025170392e-06,2020-01-07,1,NA,NA,NA,NA,NA,NA,NA,NA,NA,NA,NA,NA
510,2010-01-29,11590.4601063701,2020-01-20,0,0.0102506979333605,2021-01-13,1,NA,NA,NA,NA,NA,NA,NA,NA,NA
511,2010-02-17,4.50707406995022e-05,2020-01-20,1,NA,NA,NA,NA,NA,NA,NA,NA,NA,NA,NA,NA
512,2010-07-15,143916.605311033,2020-01-20,0,0.0417680544396566,2021-01-20,1,NA,NA,NA,NA,NA,NA,NA,NA,NA
513,2010-04-09,4.03717075154525,2020-01-05,1,NA,NA,NA,NA,NA,NA,NA,NA,NA,NA,NA,NA
514,2010-05-13,0.381592968044964,2020-01-22,1,NA,NA,NA,NA,NA,NA,NA,NA,NA,NA,NA,NA
515,2010-06-10,2.62080125599938e-11,2020-01-03,1,NA,NA,NA,NA,NA,NA,NA,NA,NA,NA,NA,NA
516,2010-05-28,74049.8630026089,2020-01-09,0,0.293724494131712,2021-01-28,1,NA,NA,NA,NA,NA,NA,NA,NA,NA
517,2010-06-12,3.27296639298439e-16,2020-01-14,1,NA,NA,NA,NA,NA,NA,NA,NA,NA,NA,NA,NA
518,2010-11-11,9.68698359363276e-13,2020-01-14,1,NA,NA,NA,NA,NA,NA,NA,NA,NA,NA,NA,NA
519,2010-02-17,0.00321373888897596,2020-01-05,1,NA,NA,NA,NA,NA,NA,NA,NA,NA,NA,NA,NA
520,2010-04-16,231164.879365138,2020-01-05,0,1777150602.26578,2021-01-11,0,32.1375665078918,2022-01-18,1,NA,NA,NA,NA,NA,NA
521,2010-02-15,5948584.14673251,2020-01-22,0,334943.049383045,2021-01-04,0,466.294247667294,2022-01-22,0,0.603412074153317,2023-01-27,1,NA,NA,NA
522,2010-09-21,1.07790085341489e-08,2020-01-08,1,NA,NA,NA,NA,NA,NA,NA,NA,NA,NA,NA,NA
523,2010-11-04,0.0255638339863136,2020-01-14,1,NA,NA,NA,NA,NA,NA,NA,NA,NA,NA,NA,NA
524,2010-06-27,278.875893803774,2020-01-04,0,0.00342587255405457,2021-01-28,1,NA,NA,NA,NA,NA,NA,NA,NA,NA
525,2010-05-19,0.000122565473162662,2020-01-07,1,NA,NA,NA,NA,NA,NA,NA,NA,NA,NA,NA,NA
526,2010-05-22,108.774747239653,2020-01-28,1,NA,NA,NA,NA,NA,NA,NA,NA,NA,NA,NA,NA
527,2010-06-16,2.25479527153237e-14,2020-01-29,1,NA,NA,NA,NA,NA,NA,NA,NA,NA,NA,NA,NA
528,2010-04-19,7.9726676748642e-11,2020-01-13,1,NA,NA,NA,NA,NA,NA,NA,NA,NA,NA,NA,NA
529,2010-02-08,0.000506419053972091,2020-01-14,1,NA,NA,NA,NA,NA,NA,NA,NA,NA,NA,NA,NA
530,2010-09-24,27.1950408380654,2020-01-02,1,NA,NA,NA,NA,NA,NA,NA,NA,NA,NA,NA,NA
531,2010-11-11,0.000193557430450978,2020-01-28,1,NA,NA,NA,NA,NA,NA,NA,NA,NA,NA,NA,NA
532,2010-10-28,0.131570065926065,2020-01-07,1,NA,NA,NA,NA,NA,NA,NA,NA,NA,NA,NA,NA
533,2010-03-29,0.00352651294309389,2020-01-14,1,NA,NA,NA,NA,NA,NA,NA,NA,NA,NA,NA,NA
534,2010-03-25,14.8899431271084,2020-01-20,1,NA,NA,NA,NA,NA,NA,NA,NA,NA,NA,NA,NA
535,2010-09-22,3.00656300615052e-11,2020-01-12,1,NA,NA,NA,NA,NA,NA,NA,NA,NA,NA,NA,NA
536,2010-03-12,49127005.0586948,2020-01-08,0,3144230.89136936,2021-01-06,0,0.0727044849150717,2022-01-13,1,NA,NA,NA,NA,NA,NA
537,2010-10-29,1.2729108827573,2020-01-20,1,NA,NA,NA,NA,NA,NA,NA,NA,NA,NA,NA,NA
538,2010-07-10,45.8353159266338,2020-01-08,1,NA,NA,NA,NA,NA,NA,NA,NA,NA,NA,NA,NA
539,2010-08-11,0.829655785277054,2020-01-26,1,NA,NA,NA,NA,NA,NA,NA,NA,NA,NA,NA,NA
540,2010-06-13,22.7265560284159,2020-01-11,1,NA,NA,NA,NA,NA,NA,NA,NA,NA,NA,NA,NA
541,2010-09-08,1.13158436394073,2020-01-30,1,NA,NA,NA,NA,NA,NA,NA,NA,NA,NA,NA,NA
542,2010-09-11,5498.85361057507,2020-01-12,0,2141.81437336996,2021-01-02,0,262846.556228825,2022-01-11,0,0.000235524492722962,2023-01-01,1,NA,NA,NA
543,2010-07-05,16.0382181614919,2020-01-05,1,NA,NA,NA,NA,NA,NA,NA,NA,NA,NA,NA,NA
544,2010-11-21,2.90782425816439e-10,2020-01-17,1,NA,NA,NA,NA,NA,NA,NA,NA,NA,NA,NA,NA
545,2010-02-12,273.517230628534,2020-01-13,0,0.0451014934822052,2021-01-13,1,NA,NA,NA,NA,NA,NA,NA,NA,NA
546,2010-03-24,1.5985367758239e-05,2020-01-07,1,NA,NA,NA,NA,NA,NA,NA,NA,NA,NA,NA,NA
547,2010-03-13,102.264398208854,2020-01-26,1,NA,NA,NA,NA,NA,NA,NA,NA,NA,NA,NA,NA
548,2010-07-21,3284793.52696758,2020-01-01,0,0.00217438634148135,2021-01-11,1,NA,NA,NA,NA,NA,NA,NA,NA,NA
549,2010-10-11,3244993250.62961,2020-01-20,0,8.51567308571583e-08,2021-01-09,1,NA,NA,NA,NA,NA,NA,NA,NA,NA
550,2010-05-08,7507513089.76119,2020-01-12,0,579130180.012854,2021-01-20,0,0.0645072624137603,2022-01-23,1,NA,NA,NA,NA,NA,NA
551,2010-01-21,0.0362464843321814,2020-01-13,1,NA,NA,NA,NA,NA,NA,NA,NA,NA,NA,NA,NA
552,2010-03-14,2.37554794635073e-11,2020-01-21,1,NA,NA,NA,NA,NA,NA,NA,NA,NA,NA,NA,NA
553,2010-09-01,0.0277227540309121,2020-01-03,1,NA,NA,NA,NA,NA,NA,NA,NA,NA,NA,NA,NA
554,2010-07-12,1.19654612806213e-06,2020-01-23,1,NA,NA,NA,NA,NA,NA,NA,NA,NA,NA,NA,NA
555,2010-09-10,1.41960577932382,2020-01-12,1,NA,NA,NA,NA,NA,NA,NA,NA,NA,NA,NA,NA
556,2010-02-08,16.7504208157404,2020-01-18,1,NA,NA,NA,NA,NA,NA,NA,NA,NA,NA,NA,NA
557,2010-03-20,163874.08445821,2020-01-13,0,12.863200868263,2021-01-24,1,NA,NA,NA,NA,NA,NA,NA,NA,NA
558,2010-02-26,2.64349882372884e-24,2020-01-02,1,NA,NA,NA,NA,NA,NA,NA,NA,NA,NA,NA,NA
559,2010-11-19,0.0195212978206818,2020-01-15,1,NA,NA,NA,NA,NA,NA,NA,NA,NA,NA,NA,NA
560,2010-01-19,4283.21681779005,2020-01-08,0,40970320.0659299,2021-01-14,0,7909.47372179006,2022-01-13,0,1.77894279599817e-13,2023-01-24,1,NA,NA,NA
561,2010-02-13,5.90898095325203e-08,2020-01-29,1,NA,NA,NA,NA,NA,NA,NA,NA,NA,NA,NA,NA
562,2010-06-04,162013193.330813,2020-01-02,0,15.8685072279909,2021-01-28,1,NA,NA,NA,NA,NA,NA,NA,NA,NA
563,2010-05-24,1237.30420138414,2020-01-10,0,57686162442.7925,2021-01-09,0,337354.66585298,2022-01-17,0,0.000275864965148355,2023-01-03,1,NA,NA,NA
564,2010-11-27,417329.393875607,2020-01-01,0,0.218531838226302,2021-01-20,1,NA,NA,NA,NA,NA,NA,NA,NA,NA
565,2010-01-14,1411.90061926971,2020-01-02,0,65397967.0581468,2021-01-12,0,1.0993251495825e-05,2022-01-04,1,NA,NA,NA,NA,NA,NA
566,2010-03-04,252083821.89834,2020-01-03,0,822.855971407809,2021-01-29,0,17.3714459225415,2022-01-10,1,NA,NA,NA,NA,NA,NA
567,2010-10-05,0.00160051948970632,2020-01-21,1,NA,NA,NA,NA,NA,NA,NA,NA,NA,NA,NA,NA
568,2010-02-25,1436.7667972008,2020-01-03,0,530.540061210312,2021-01-23,0,6.37135422488068e-16,2022-01-15,1,NA,NA,NA,NA,NA,NA
569,2010-12-31,6.169681396885e-09,2020-01-14,1,NA,NA,NA,NA,NA,NA,NA,NA,NA,NA,NA,NA
570,2010-03-01,2.38718768833298e-14,2020-01-10,1,NA,NA,NA,NA,NA,NA,NA,NA,NA,NA,NA,NA
571,2010-01-27,0.237131773322382,2020-01-13,1,NA,NA,NA,NA,NA,NA,NA,NA,NA,NA,NA,NA
572,2010-08-16,0.00106074969199046,2020-01-16,1,NA,NA,NA,NA,NA,NA,NA,NA,NA,NA,NA,NA
573,2010-07-03,0.00272973371671793,2020-01-23,1,NA,NA,NA,NA,NA,NA,NA,NA,NA,NA,NA,NA
574,2010-01-13,67.0375981152496,2020-01-02,1,NA,NA,NA,NA,NA,NA,NA,NA,NA,NA,NA,NA
575,2010-05-02,0.000625688828088196,2020-01-01,1,NA,NA,NA,NA,NA,NA,NA,NA,NA,NA,NA,NA
576,2010-03-16,5.35433874571832e-11,2020-01-15,1,NA,NA,NA,NA,NA,NA,NA,NA,NA,NA,NA,NA
577,2010-04-24,6.44312822616329e-13,2020-01-09,1,NA,NA,NA,NA,NA,NA,NA,NA,NA,NA,NA,NA
578,2010-12-15,1.899509511316e-07,2020-01-02,1,NA,NA,NA,NA,NA,NA,NA,NA,NA,NA,NA,NA
579,2010-11-09,112.221938201671,2020-01-14,0,3.51754399416608,2021-01-18,1,NA,NA,NA,NA,NA,NA,NA,NA,NA
580,2010-12-25,4.69598823771028,2020-01-17,1,NA,NA,NA,NA,NA,NA,NA,NA,NA,NA,NA,NA
581,2010-05-28,0.339920559539542,2020-01-22,1,NA,NA,NA,NA,NA,NA,NA,NA,NA,NA,NA,NA
582,2010-08-17,2.29018321312744e-17,2020-01-26,1,NA,NA,NA,NA,NA,NA,NA,NA,NA,NA,NA,NA
583,2010-08-01,1789.55634656096,2020-01-12,0,0.010408291351396,2021-01-25,1,NA,NA,NA,NA,NA,NA,NA,NA,NA
584,2010-11-19,0.0504106627703796,2020-01-22,1,NA,NA,NA,NA,NA,NA,NA,NA,NA,NA,NA,NA
585,2010-12-25,1.39516742819248e-12,2020-01-05,1,NA,NA,NA,NA,NA,NA,NA,NA,NA,NA,NA,NA
586,2010-11-09,2.23690458876828e-06,2020-01-26,1,NA,NA,NA,NA,NA,NA,NA,NA,NA,NA,NA,NA
587,2010-03-08,4.7757076091135e-13,2020-01-20,1,NA,NA,NA,NA,NA,NA,NA,NA,NA,NA,NA,NA
588,2010-01-05,6043420416416.08,2020-01-16,0,0.00043904984507963,2021-01-27,1,NA,NA,NA,NA,NA,NA,NA,NA,NA
589,2010-05-30,16112297.9878244,2020-01-16,0,295.015359662147,2021-01-23,0,0.000592681216884463,2022-01-11,1,NA,NA,NA,NA,NA,NA
590,2010-10-14,967029.333047048,2020-01-11,0,4865.6547043403,2021-01-16,0,11468292.3281896,2022-01-19,0,243404922.628374,2023-01-16,0,8022979.89678417,2024-01-07,0
591,2010-09-12,340521.356790106,2020-01-17,0,1.15827114721446e-11,2021-01-30,1,NA,NA,NA,NA,NA,NA,NA,NA,NA
592,2010-04-16,728.174096137336,2020-01-07,0,53.8229360593619,2021-01-17,1,NA,NA,NA,NA,NA,NA,NA,NA,NA
593,2010-09-03,2.91473241876581e-09,2020-01-27,1,NA,NA,NA,NA,NA,NA,NA,NA,NA,NA,NA,NA
594,2010-02-17,0.00773033273678038,2020-01-04,1,NA,NA,NA,NA,NA,NA,NA,NA,NA,NA,NA,NA
595,2010-04-05,8.91487194032467e-06,2020-01-09,1,NA,NA,NA,NA,NA,NA,NA,NA,NA,NA,NA,NA
596,2010-10-07,42.1132406969844,2020-01-23,1,NA,NA,NA,NA,NA,NA,NA,NA,NA,NA,NA,NA
597,2010-11-12,1.0190114074503e-05,2020-01-04,1,NA,NA,NA,NA,NA,NA,NA,NA,NA,NA,NA,NA
598,2010-04-29,25.8387333584188,2020-01-21,1,NA,NA,NA,NA,NA,NA,NA,NA,NA,NA,NA,NA
599,2010-12-16,0.000310900004869609,2020-01-04,1,NA,NA,NA,NA,NA,NA,NA,NA,NA,NA,NA,NA
600,2010-02-03,2.42325875925525e-08,2020-01-29,1,NA,NA,NA,NA,NA,NA,NA,NA,NA,NA,NA,NA
601,2010-01-18,0.000948585565024493,2020-01-05,1,NA,NA,NA,NA,NA,NA,NA,NA,NA,NA,NA,NA
602,2010-01-04,0.026923532465477,2020-01-13,1,NA,NA,NA,NA,NA,NA,NA,NA,NA,NA,NA,NA
603,2010-01-01,3.75217486471281e-11,2020-01-03,1,NA,NA,NA,NA,NA,NA,NA,NA,NA,NA,NA,NA
604,2010-03-25,0.000511772601543788,2020-01-20,1,NA,NA,NA,NA,NA,NA,NA,NA,NA,NA,NA,NA
605,2010-06-13,0.199163814743577,2020-01-15,1,NA,NA,NA,NA,NA,NA,NA,NA,NA,NA,NA,NA
606,2010-09-29,0.000419972474930278,2020-01-01,1,NA,NA,NA,NA,NA,NA,NA,NA,NA,NA,NA,NA
607,2010-12-23,687.049099870699,2020-01-29,0,0.000125925545152682,2021-01-27,1,NA,NA,NA,NA,NA,NA,NA,NA,NA
608,2010-06-03,240.284661749634,2020-01-06,0,15677191310.8164,2021-01-19,0,22237.3288203133,2022-01-03,0,25814057.8373577,2023-01-12,0,44356753.395305,2024-01-08,0
609,2010-05-31,6.24692586278616,2020-01-14,1,NA,NA,NA,NA,NA,NA,NA,NA,NA,NA,NA,NA
610,2010-01-01,338.869323087619,2020-01-17,0,89641.5659394091,2021-01-19,0,10811.9538701164,2022-01-29,0,2692842250.37932,2023-01-03,0,5.42428110762661,2024-01-30,1
611,2010-06-11,5.00979831772693e-08,2020-01-24,1,NA,NA,NA,NA,NA,NA,NA,NA,NA,NA,NA,NA
612,2010-04-17,271.116848375204,2020-01-07,0,17.3410383358444,2021-01-02,1,NA,NA,NA,NA,NA,NA,NA,NA,NA
613,2010-10-10,8.46892513355884e-08,2020-01-05,1,NA,NA,NA,NA,NA,NA,NA,NA,NA,NA,NA,NA
614,2010-10-06,5.18479673419013e-07,2020-01-09,1,NA,NA,NA,NA,NA,NA,NA,NA,NA,NA,NA,NA
615,2010-06-06,1691.06869558275,2020-01-13,0,0.000102755584114599,2021-01-08,1,NA,NA,NA,NA,NA,NA,NA,NA,NA
616,2010-04-17,663.426349188986,2020-01-07,0,194.517547661294,2021-01-24,0,1.95785985792201e-07,2022-01-01,1,NA,NA,NA,NA,NA,NA
617,2010-08-02,2.27071684453697e-06,2020-01-22,1,NA,NA,NA,NA,NA,NA,NA,NA,NA,NA,NA,NA
618,2010-12-06,0.00339620087257679,2020-01-18,1,NA,NA,NA,NA,NA,NA,NA,NA,NA,NA,NA,NA
619,2010-07-10,218.802605368276,2020-01-11,0,127.857182346057,2021-01-30,0,0.590871197080127,2022-01-26,1,NA,NA,NA,NA,NA,NA
620,2010-01-21,0.00809107528124259,2020-01-17,1,NA,NA,NA,NA,NA,NA,NA,NA,NA,NA,NA,NA
621,2010-05-03,18686014.0498191,2020-01-24,0,2.84251646268231,2021-01-29,1,NA,NA,NA,NA,NA,NA,NA,NA,NA
622,2010-12-16,1.97374417301742e-18,2020-01-22,1,NA,NA,NA,NA,NA,NA,NA,NA,NA,NA,NA,NA
623,2010-11-02,0.0491881450998636,2020-01-23,1,NA,NA,NA,NA,NA,NA,NA,NA,NA,NA,NA,NA
624,2010-01-14,24.5247200353465,2020-01-27,1,NA,NA,NA,NA,NA,NA,NA,NA,NA,NA,NA,NA
625,2010-08-26,2.81894477775395e-05,2020-01-08,1,NA,NA,NA,NA,NA,NA,NA,NA,NA,NA,NA,NA
626,2010-10-09,1196847.344446,2020-01-14,0,8.88595642251088,2021-01-23,1,NA,NA,NA,NA,NA,NA,NA,NA,NA
627,2010-06-13,108.688099148773,2020-01-07,1,NA,NA,NA,NA,NA,NA,NA,NA,NA,NA,NA,NA
628,2010-09-03,52.3349755914484,2020-01-05,1,NA,NA,NA,NA,NA,NA,NA,NA,NA,NA,NA,NA
629,2010-02-17,15.4867116027576,2020-01-30,1,NA,NA,NA,NA,NA,NA,NA,NA,NA,NA,NA,NA
630,2010-12-18,0.103842471511407,2020-01-20,1,NA,NA,NA,NA,NA,NA,NA,NA,NA,NA,NA,NA
631,2010-08-14,15622241265198.1,2020-01-13,0,4.63613013541983,2021-01-21,1,NA,NA,NA,NA,NA,NA,NA,NA,NA
632,2010-05-19,37.6615505392084,2020-01-25,1,NA,NA,NA,NA,NA,NA,NA,NA,NA,NA,NA,NA
633,2010-10-23,0.00409710012962668,2020-01-16,1,NA,NA,NA,NA,NA,NA,NA,NA,NA,NA,NA,NA
634,2010-10-07,29039840.9898867,2020-01-15,0,7834.91800424996,2021-01-08,0,0.276828229172577,2022-01-19,1,NA,NA,NA,NA,NA,NA
635,2010-03-05,13958510.3194388,2020-01-15,0,6.41484620689498,2021-01-19,1,NA,NA,NA,NA,NA,NA,NA,NA,NA
636,2010-01-11,19862.7202572481,2020-01-26,0,0.0102343257616653,2021-01-18,1,NA,NA,NA,NA,NA,NA,NA,NA,NA
637,2010-12-18,9.05431878164191e-07,2020-01-09,1,NA,NA,NA,NA,NA,NA,NA,NA,NA,NA,NA,NA
638,2010-03-03,124.921456454544,2020-01-15,0,0.110102526005524,2021-01-02,1,NA,NA,NA,NA,NA,NA,NA,NA,NA
639,2010-03-23,5.77955255469685e-08,2020-01-06,1,NA,NA,NA,NA,NA,NA,NA,NA,NA,NA,NA,NA
640,2010-04-05,9.00125869115415,2020-01-26,1,NA,NA,NA,NA,NA,NA,NA,NA,NA,NA,NA,NA
641,2010-08-05,0.285489350467472,2020-01-04,1,NA,NA,NA,NA,NA,NA,NA,NA,NA,NA,NA,NA
642,2010-09-05,4.80346626507714e-10,2020-01-04,1,NA,NA,NA,NA,NA,NA,NA,NA,NA,NA,NA,NA
643,2010-01-11,0.232504371893879,2020-01-25,1,NA,NA,NA,NA,NA,NA,NA,NA,NA,NA,NA,NA
644,2010-04-19,9311069.56516573,2020-01-07,0,5.92110483483715e-09,2021-01-12,1,NA,NA,NA,NA,NA,NA,NA,NA,NA
645,2010-07-08,1.31290985839229e-08,2020-01-05,1,NA,NA,NA,NA,NA,NA,NA,NA,NA,NA,NA,NA
646,2010-09-25,6.52468948508357e-12,2020-01-26,1,NA,NA,NA,NA,NA,NA,NA,NA,NA,NA,NA,NA
647,2010-12-27,1.41695335596007e-19,2020-01-23,1,NA,NA,NA,NA,NA,NA,NA,NA,NA,NA,NA,NA
648,2010-06-28,9.18045498426053,2020-01-29,1,NA,NA,NA,NA,NA,NA,NA,NA,NA,NA,NA,NA
649,2010-06-29,0.00880533400402705,2020-01-28,1,NA,NA,NA,NA,NA,NA,NA,NA,NA,NA,NA,NA
650,2010-09-24,865.172455132127,2020-01-05,0,565941.034587765,2021-01-27,0,19777.0004015122,2022-01-10,0,2043.8789085198,2023-01-10,0,80379.5909712852,2024-01-25,0
651,2010-09-09,1.60162842020589e-06,2020-01-27,1,NA,NA,NA,NA,NA,NA,NA,NA,NA,NA,NA,NA
652,2010-04-14,2.55397613596719,2020-01-22,1,NA,NA,NA,NA,NA,NA,NA,NA,NA,NA,NA,NA
653,2010-01-24,930.82962265123,2020-01-14,0,3.45365458279299e-17,2021-01-12,1,NA,NA,NA,NA,NA,NA,NA,NA,NA
654,2010-04-05,363162.737119321,2020-01-10,0,28072794025.6359,2021-01-16,0,2.99116327569855e-11,2022-01-23,1,NA,NA,NA,NA,NA,NA
655,2010-05-05,3.40333315830726e-08,2020-01-09,1,NA,NA,NA,NA,NA,NA,NA,NA,NA,NA,NA,NA
656,2010-07-31,0.0291986763813278,2020-01-15,1,NA,NA,NA,NA,NA,NA,NA,NA,NA,NA,NA,NA
657,2010-03-13,398155562.042909,2020-01-05,0,321191.218731457,2021-01-06,0,22150312.4175983,2022-01-20,0,1.62231739525116e-08,2023-01-21,1,NA,NA,NA
658,2010-01-16,5.05411846916036e-10,2020-01-29,1,NA,NA,NA,NA,NA,NA,NA,NA,NA,NA,NA,NA
659,2010-08-18,9.99105956072312e-05,2020-01-15,1,NA,NA,NA,NA,NA,NA,NA,NA,NA,NA,NA,NA
660,2010-10-12,8954540439770037,2020-01-29,0,18834543.3970837,2021-01-06,0,21.0147956233477,2022-01-30,1,NA,NA,NA,NA,NA,NA
661,2010-04-09,8.30565174889874e-09,2020-01-13,1,NA,NA,NA,NA,NA,NA,NA,NA,NA,NA,NA,NA
662,2010-12-15,9633.76653997545,2020-01-07,0,3.61811762976869,2021-01-17,1,NA,NA,NA,NA,NA,NA,NA,NA,NA
663,2010-02-19,39906.6636182113,2020-01-17,0,251.629818740451,2021-01-12,0,9.27641497593149,2022-01-04,1,NA,NA,NA,NA,NA,NA
664,2010-10-07,6.60213535290028e-16,2020-01-14,1,NA,NA,NA,NA,NA,NA,NA,NA,NA,NA,NA,NA
665,2010-12-05,3.61150089045949e-08,2020-01-09,1,NA,NA,NA,NA,NA,NA,NA,NA,NA,NA,NA,NA
666,2010-01-26,518.226330651495,2020-01-16,0,113148950154.957,2021-01-19,0,10.3045244419226,2022-01-27,1,NA,NA,NA,NA,NA,NA
667,2010-10-15,35.6731180644139,2020-01-23,1,NA,NA,NA,NA,NA,NA,NA,NA,NA,NA,NA,NA
668,2010-07-12,7.02242144143754e-11,2020-01-05,1,NA,NA,NA,NA,NA,NA,NA,NA,NA,NA,NA,NA
669,2010-12-30,363854.988118416,2020-01-23,0,0.0944763608604005,2021-01-18,1,NA,NA,NA,NA,NA,NA,NA,NA,NA
670,2010-08-18,19.0255601102379,2020-01-05,1,NA,NA,NA,NA,NA,NA,NA,NA,NA,NA,NA,NA
671,2010-06-12,0.00018420974709538,2020-01-26,1,NA,NA,NA,NA,NA,NA,NA,NA,NA,NA,NA,NA
672,2010-11-02,68.8755887582138,2020-01-13,1,NA,NA,NA,NA,NA,NA,NA,NA,NA,NA,NA,NA
673,2010-02-14,9.82306677128965e-05,2020-01-30,1,NA,NA,NA,NA,NA,NA,NA,NA,NA,NA,NA,NA
674,2010-03-22,5.49194317777817e-09,2020-01-08,1,NA,NA,NA,NA,NA,NA,NA,NA,NA,NA,NA,NA
675,2010-01-21,38.6723066036702,2020-01-18,1,NA,NA,NA,NA,NA,NA,NA,NA,NA,NA,NA,NA
676,2010-01-19,40515.6735463383,2020-01-07,0,187090.795087887,2021-01-05,0,3.65969721301413e-10,2022-01-25,1,NA,NA,NA,NA,NA,NA
677,2010-06-01,3.2844900058918,2020-01-09,1,NA,NA,NA,NA,NA,NA,NA,NA,NA,NA,NA,NA
678,2010-06-16,102678.429331718,2020-01-08,0,5579.44374013694,2021-01-09,0,0.00260128121166463,2022-01-25,1,NA,NA,NA,NA,NA,NA
679,2010-05-20,3.02550166490368e-06,2020-01-15,1,NA,NA,NA,NA,NA,NA,NA,NA,NA,NA,NA,NA
680,2010-04-12,4.67614296667368e-05,2020-01-05,1,NA,NA,NA,NA,NA,NA,NA,NA,NA,NA,NA,NA
681,2010-01-26,0.834177835562204,2020-01-02,1,NA,NA,NA,NA,NA,NA,NA,NA,NA,NA,NA,NA
682,2010-06-18,9.27873329027365e-13,2020-01-16,1,NA,NA,NA,NA,NA,NA,NA,NA,NA,NA,NA,NA
683,2010-10-04,1.20497078294118,2020-01-17,1,NA,NA,NA,NA,NA,NA,NA,NA,NA,NA,NA,NA
684,2010-08-12,0.000176806598117375,2020-01-15,1,NA,NA,NA,NA,NA,NA,NA,NA,NA,NA,NA,NA
685,2010-03-13,2.67019575090515,2020-01-11,1,NA,NA,NA,NA,NA,NA,NA,NA,NA,NA,NA,NA
686,2010-06-24,2.46536797199172e-07,2020-01-11,1,NA,NA,NA,NA,NA,NA,NA,NA,NA,NA,NA,NA
687,2010-03-28,1112037.90515004,2020-01-20,0,180668.608465166,2021-01-01,0,2083.468064931,2022-01-26,0,5.42798127350856,2023-01-28,1,NA,NA,NA
688,2010-02-25,3.6020988581687e-16,2020-01-08,1,NA,NA,NA,NA,NA,NA,NA,NA,NA,NA,NA,NA
689,2010-03-11,0.0543898874596712,2020-01-12,1,NA,NA,NA,NA,NA,NA,NA,NA,NA,NA,NA,NA
690,2010-09-07,0.00175044250349895,2020-01-20,1,NA,NA,NA,NA,NA,NA,NA,NA,NA,NA,NA,NA
691,2010-05-08,12300596570.7745,2020-01-03,0,2596453245.91502,2021-01-29,0,106308480406.515,2022-01-22,0,56.1172671426559,2023-01-15,1,NA,NA,NA
692,2010-07-04,0.137938062505046,2020-01-04,1,NA,NA,NA,NA,NA,NA,NA,NA,NA,NA,NA,NA
693,2010-05-23,1.29963335887214e-05,2020-01-16,1,NA,NA,NA,NA,NA,NA,NA,NA,NA,NA,NA,NA
694,2010-03-30,35906738.8221053,2020-01-22,0,17253841363.267,2021-01-12,0,12142429.6930462,2022-01-30,0,43280.4081600076,2023-01-05,0,26332.5363028246,2024-01-17,0
695,2010-12-29,1.27085032357939e-18,2020-01-03,1,NA,NA,NA,NA,NA,NA,NA,NA,NA,NA,NA,NA
696,2010-02-23,1.04105454160901e-11,2020-01-21,1,NA,NA,NA,NA,NA,NA,NA,NA,NA,NA,NA,NA
697,2010-01-10,425.860445572048,2020-01-25,0,7840778529240,2021-01-30,0,0.0459524741031065,2022-01-20,1,NA,NA,NA,NA,NA,NA
698,2010-09-09,0.000647203841634171,2020-01-09,1,NA,NA,NA,NA,NA,NA,NA,NA,NA,NA,NA,NA
699,2010-03-31,578.788353931957,2020-01-02,0,18699514.2797474,2021-01-16,0,1385529.00085714,2022-01-20,0,487217.844999628,2023-01-17,0,6010694586.37286,2024-01-20,0
700,2010-11-04,5290006.96095391,2020-01-01,0,587985.981529134,2021-01-15,0,0.0665238741393923,2022-01-16,1,NA,NA,NA,NA,NA,NA
701,2010-11-20,7.86501194586723e-18,2020-01-14,1,NA,NA,NA,NA,NA,NA,NA,NA,NA,NA,NA,NA
702,2010-01-20,0.0198329670754992,2020-01-14,1,NA,NA,NA,NA,NA,NA,NA,NA,NA,NA,NA,NA
703,2010-08-08,20.7609468050589,2020-01-21,1,NA,NA,NA,NA,NA,NA,NA,NA,NA,NA,NA,NA
704,2010-10-22,0.0851334584437944,2020-01-02,1,NA,NA,NA,NA,NA,NA,NA,NA,NA,NA,NA,NA
705,2010-07-28,2.41236985030806e-12,2020-01-02,1,NA,NA,NA,NA,NA,NA,NA,NA,NA,NA,NA,NA
706,2010-07-22,6.19901180121854e-10,2020-01-20,1,NA,NA,NA,NA,NA,NA,NA,NA,NA,NA,NA,NA
707,2010-12-22,0.000279855920423401,2020-01-28,1,NA,NA,NA,NA,NA,NA,NA,NA,NA,NA,NA,NA
708,2010-01-10,5.05694247582595e-06,2020-01-20,1,NA,NA,NA,NA,NA,NA,NA,NA,NA,NA,NA,NA
709,2010-09-30,1.178492005528e-12,2020-01-06,1,NA,NA,NA,NA,NA,NA,NA,NA,NA,NA,NA,NA
710,2010-02-14,6.04748548991101e-08,2020-01-05,1,NA,NA,NA,NA,NA,NA,NA,NA,NA,NA,NA,NA
711,2010-09-01,39048898.0859565,2020-01-10,0,280960.37134228,2021-01-22,0,19258637013.4218,2022-01-10,0,0.495272669172543,2023-01-06,1,NA,NA,NA
712,2010-08-13,8883.88562171962,2020-01-16,0,1.15422049673726e-06,2021-01-05,1,NA,NA,NA,NA,NA,NA,NA,NA,NA
713,2010-08-22,55224150434.1529,2020-01-17,0,8105025.35700409,2021-01-16,0,157.295596079812,2022-01-24,0,6374836.33316521,2023-01-27,0,3.48926737218563,2024-01-10,1
714,2010-03-29,5.3464367642953e-06,2020-01-09,1,NA,NA,NA,NA,NA,NA,NA,NA,NA,NA,NA,NA
715,2010-06-21,4.32228868158578e-06,2020-01-12,1,NA,NA,NA,NA,NA,NA,NA,NA,NA,NA,NA,NA
716,2010-09-04,1.20269635564498e-10,2020-01-16,1,NA,NA,NA,NA,NA,NA,NA,NA,NA,NA,NA,NA
717,2010-09-10,7.9118147563559e-07,2020-01-05,1,NA,NA,NA,NA,NA,NA,NA,NA,NA,NA,NA,NA
718,2010-09-10,8.45564726043646e-09,2020-01-07,1,NA,NA,NA,NA,NA,NA,NA,NA,NA,NA,NA,NA
719,2010-03-31,31347.2768374302,2020-01-20,0,0.00391407088016464,2021-01-17,1,NA,NA,NA,NA,NA,NA,NA,NA,NA
720,2010-10-29,7.17439494589175e-09,2020-01-04,1,NA,NA,NA,NA,NA,NA,NA,NA,NA,NA,NA,NA
721,2010-10-17,3.54253586684969e-07,2020-01-10,1,NA,NA,NA,NA,NA,NA,NA,NA,NA,NA,NA,NA
722,2010-10-16,6.01375899098138e-07,2020-01-09,1,NA,NA,NA,NA,NA,NA,NA,NA,NA,NA,NA,NA
723,2010-10-05,39054.0362574191,2020-01-21,0,1.78404854090509,2021-01-20,1,NA,NA,NA,NA,NA,NA,NA,NA,NA
724,2010-05-02,1.63976658634165e-21,2020-01-17,1,NA,NA,NA,NA,NA,NA,NA,NA,NA,NA,NA,NA
725,2010-10-19,36.5899501332677,2020-01-10,1,NA,NA,NA,NA,NA,NA,NA,NA,NA,NA,NA,NA
726,2010-12-21,104680348998.603,2020-01-07,0,2.48892069363529,2021-01-12,1,NA,NA,NA,NA,NA,NA,NA,NA,NA
727,2010-02-25,13.4578806904007,2020-01-06,1,NA,NA,NA,NA,NA,NA,NA,NA,NA,NA,NA,NA
728,2010-05-27,0.00101585159888899,2020-01-20,1,NA,NA,NA,NA,NA,NA,NA,NA,NA,NA,NA,NA
729,2010-09-25,301.596256590144,2020-01-14,0,10216.174120399,2021-01-05,0,377.452427701212,2022-01-16,0,2.41961805980274,2023-01-12,1,NA,NA,NA
730,2010-09-20,3715666.31412923,2020-01-16,0,6.46711935111069e-07,2021-01-03,1,NA,NA,NA,NA,NA,NA,NA,NA,NA
731,2010-04-25,217866.03610665,2020-01-23,0,31404895.2790263,2021-01-23,0,4.32113027693275e-07,2022-01-22,1,NA,NA,NA,NA,NA,NA
732,2010-09-27,5.30378899550721e-13,2020-01-19,1,NA,NA,NA,NA,NA,NA,NA,NA,NA,NA,NA,NA
733,2010-07-03,2.58134384333668e-07,2020-01-18,1,NA,NA,NA,NA,NA,NA,NA,NA,NA,NA,NA,NA
734,2010-02-05,630.049616054704,2020-01-28,0,1268.47464083912,2021-01-22,0,27237795.8743436,2022-01-10,0,0.0444770812819006,2023-01-10,1,NA,NA,NA
735,2010-12-24,0.471679851375239,2020-01-15,1,NA,NA,NA,NA,NA,NA,NA,NA,NA,NA,NA,NA
736,2010-09-21,0.0404354858766245,2020-01-14,1,NA,NA,NA,NA,NA,NA,NA,NA,NA,NA,NA,NA
737,2010-02-01,363136948.099144,2020-01-01,0,361052.92429349,2021-01-23,0,967.950079015762,2022-01-13,0,Inf,2023-01-05,0,201375.957164615,2024-01-19,0
738,2010-06-27,2.0041678540741e-06,2020-01-21,1,NA,NA,NA,NA,NA,NA,NA,NA,NA,NA,NA,NA
739,2010-10-29,57563400456.4118,2020-01-28,0,0.0026696796758171,2021-01-05,1,NA,NA,NA,NA,NA,NA,NA,NA,NA
740,2010-12-31,180.810521207698,2020-01-24,0,0.385155083018947,2021-01-18,1,NA,NA,NA,NA,NA,NA,NA,NA,NA
741,2010-06-04,1.02481143246889e-10,2020-01-15,1,NA,NA,NA,NA,NA,NA,NA,NA,NA,NA,NA,NA
742,2010-01-20,9.23009906749386e-08,2020-01-11,1,NA,NA,NA,NA,NA,NA,NA,NA,NA,NA,NA,NA
743,2010-05-12,8.16070868143471e-05,2020-01-06,1,NA,NA,NA,NA,NA,NA,NA,NA,NA,NA,NA,NA
744,2010-08-21,1.34235674367817e-12,2020-01-05,1,NA,NA,NA,NA,NA,NA,NA,NA,NA,NA,NA,NA
745,2010-05-13,0.246174983421793,2020-01-13,1,NA,NA,NA,NA,NA,NA,NA,NA,NA,NA,NA,NA
746,2010-01-04,7.46182716844941e-28,2020-01-28,1,NA,NA,NA,NA,NA,NA,NA,NA,NA,NA,NA,NA
747,2010-06-15,0.00157614526365132,2020-01-19,1,NA,NA,NA,NA,NA,NA,NA,NA,NA,NA,NA,NA
748,2010-01-16,8.64737931037922e-06,2020-01-12,1,NA,NA,NA,NA,NA,NA,NA,NA,NA,NA,NA,NA
749,2010-09-15,6.0483183441872e-06,2020-01-02,1,NA,NA,NA,NA,NA,NA,NA,NA,NA,NA,NA,NA
750,2010-08-04,1.34334333948632e-05,2020-01-22,1,NA,NA,NA,NA,NA,NA,NA,NA,NA,NA,NA,NA
751,2010-08-17,8.70323050447889e-08,2020-01-23,1,NA,NA,NA,NA,NA,NA,NA,NA,NA,NA,NA,NA
752,2010-08-05,124.410843822736,2020-01-20,0,0.942851891733994,2021-01-23,1,NA,NA,NA,NA,NA,NA,NA,NA,NA
753,2010-10-23,344.316823820471,2020-01-18,0,7498081584.37319,2021-01-28,0,1608071928.66885,2022-01-07,0,55307330.5761753,2023-01-27,0,0.0536023084824428,2024-01-10,1
754,2010-11-23,183727.835462914,2020-01-24,0,595.837373737162,2021-01-10,0,1.90532237285228e-06,2022-01-30,1,NA,NA,NA,NA,NA,NA
755,2010-07-11,4.59992870394247e-12,2020-01-27,1,NA,NA,NA,NA,NA,NA,NA,NA,NA,NA,NA,NA
756,2010-08-11,587.229777850932,2020-01-22,0,1.63988913413923,2021-01-20,1,NA,NA,NA,NA,NA,NA,NA,NA,NA
757,2010-09-16,0.000351618892978542,2020-01-26,1,NA,NA,NA,NA,NA,NA,NA,NA,NA,NA,NA,NA
758,2010-09-28,13.3905965928332,2020-01-07,1,NA,NA,NA,NA,NA,NA,NA,NA,NA,NA,NA,NA
759,2010-09-01,0.000122100086258982,2020-01-09,1,NA,NA,NA,NA,NA,NA,NA,NA,NA,NA,NA,NA
760,2010-02-23,0.199622408048661,2020-01-29,1,NA,NA,NA,NA,NA,NA,NA,NA,NA,NA,NA,NA
761,2010-02-16,1.43382610271352e-17,2020-01-10,1,NA,NA,NA,NA,NA,NA,NA,NA,NA,NA,NA,NA
762,2010-10-23,16.8809361029772,2020-01-02,1,NA,NA,NA,NA,NA,NA,NA,NA,NA,NA,NA,NA
763,2010-11-29,1.52256144655415e-32,2020-01-05,1,NA,NA,NA,NA,NA,NA,NA,NA,NA,NA,NA,NA
764,2010-06-15,18.403560400481,2020-01-12,1,NA,NA,NA,NA,NA,NA,NA,NA,NA,NA,NA,NA
765,2010-06-01,1.05306716859463e-08,2020-01-11,1,NA,NA,NA,NA,NA,NA,NA,NA,NA,NA,NA,NA
766,2010-04-27,0.0212212883653447,2020-01-17,1,NA,NA,NA,NA,NA,NA,NA,NA,NA,NA,NA,NA
767,2010-07-22,24400.7747750468,2020-01-25,0,0.0225440020387225,2021-01-11,1,NA,NA,NA,NA,NA,NA,NA,NA,NA
768,2010-12-10,44151.0586684208,2020-01-22,0,134565489.358934,2021-01-19,0,0.00069036942478051,2022-01-17,1,NA,NA,NA,NA,NA,NA
769,2010-08-05,141657.867684562,2020-01-29,0,3.10077085701347,2021-01-03,1,NA,NA,NA,NA,NA,NA,NA,NA,NA
770,2010-08-15,0.000136905834205723,2020-01-20,1,NA,NA,NA,NA,NA,NA,NA,NA,NA,NA,NA,NA
771,2010-10-22,453700.242994065,2020-01-25,0,1.96854547697409e-13,2021-01-19,1,NA,NA,NA,NA,NA,NA,NA,NA,NA
772,2010-12-18,1.71421861807312,2020-01-08,1,NA,NA,NA,NA,NA,NA,NA,NA,NA,NA,NA,NA
773,2010-12-04,0.571406614135696,2020-01-02,1,NA,NA,NA,NA,NA,NA,NA,NA,NA,NA,NA,NA
774,2010-02-06,2.04435460666644e-12,2020-01-16,1,NA,NA,NA,NA,NA,NA,NA,NA,NA,NA,NA,NA
775,2010-10-28,0.00395538745612017,2020-01-24,1,NA,NA,NA,NA,NA,NA,NA,NA,NA,NA,NA,NA
776,2010-07-09,0.000100326019312777,2020-01-17,1,NA,NA,NA,NA,NA,NA,NA,NA,NA,NA,NA,NA
777,2010-03-23,2.69952620285383e-14,2020-01-26,1,NA,NA,NA,NA,NA,NA,NA,NA,NA,NA,NA,NA
778,2010-05-20,2.52979345692299e-10,2020-01-16,1,NA,NA,NA,NA,NA,NA,NA,NA,NA,NA,NA,NA
779,2010-02-10,8.75012373220097,2020-01-22,1,NA,NA,NA,NA,NA,NA,NA,NA,NA,NA,NA,NA
780,2010-02-22,3.29624120876493e-05,2020-01-26,1,NA,NA,NA,NA,NA,NA,NA,NA,NA,NA,NA,NA
781,2010-01-18,12100260095.5427,2020-01-06,0,1.62951105405596,2021-01-18,1,NA,NA,NA,NA,NA,NA,NA,NA,NA
782,2010-10-20,2.45571578694356e-15,2020-01-24,1,NA,NA,NA,NA,NA,NA,NA,NA,NA,NA,NA,NA
783,2010-10-09,3.85025512608617e-40,2020-01-26,1,NA,NA,NA,NA,NA,NA,NA,NA,NA,NA,NA,NA
784,2010-10-13,0.00117235726725335,2020-01-14,1,NA,NA,NA,NA,NA,NA,NA,NA,NA,NA,NA,NA
785,2010-08-14,7.25580785707938e-07,2020-01-24,1,NA,NA,NA,NA,NA,NA,NA,NA,NA,NA,NA,NA
786,2010-06-21,0.129954802873007,2020-01-14,1,NA,NA,NA,NA,NA,NA,NA,NA,NA,NA,NA,NA
787,2010-11-30,239253911.530057,2020-01-23,0,29.4468833699321,2021-01-21,1,NA,NA,NA,NA,NA,NA,NA,NA,NA
788,2010-10-09,3.00570844047141e-25,2020-01-03,1,NA,NA,NA,NA,NA,NA,NA,NA,NA,NA,NA,NA
789,2010-10-11,0.111175846025423,2020-01-11,1,NA,NA,NA,NA,NA,NA,NA,NA,NA,NA,NA,NA
790,2010-10-10,6.18900149065263e-10,2020-01-15,1,NA,NA,NA,NA,NA,NA,NA,NA,NA,NA,NA,NA
791,2010-02-22,10841.5209758661,2020-01-25,0,5.385594002942e-07,2021-01-25,1,NA,NA,NA,NA,NA,NA,NA,NA,NA
792,2010-12-12,0.00675668536595031,2020-01-07,1,NA,NA,NA,NA,NA,NA,NA,NA,NA,NA,NA,NA
793,2010-11-10,0.000159467790125424,2020-01-17,1,NA,NA,NA,NA,NA,NA,NA,NA,NA,NA,NA,NA
794,2010-01-13,4.14364985470317,2020-01-13,1,NA,NA,NA,NA,NA,NA,NA,NA,NA,NA,NA,NA
795,2010-12-11,0.156969245282555,2020-01-15,1,NA,NA,NA,NA,NA,NA,NA,NA,NA,NA,NA,NA
796,2010-09-25,5.5653437267166e-12,2020-01-17,1,NA,NA,NA,NA,NA,NA,NA,NA,NA,NA,NA,NA
797,2010-02-23,114253.975525127,2020-01-28,0,95317.171878373,2021-01-26,0,0.00109575432009951,2022-01-09,1,NA,NA,NA,NA,NA,NA
798,2010-10-03,0.00123576497665279,2020-01-08,1,NA,NA,NA,NA,NA,NA,NA,NA,NA,NA,NA,NA
799,2010-08-07,5.67776999466354e-09,2020-01-24,1,NA,NA,NA,NA,NA,NA,NA,NA,NA,NA,NA,NA
800,2010-12-04,5.26568604972342,2020-01-01,1,NA,NA,NA,NA,NA,NA,NA,NA,NA,NA,NA,NA
801,2010-12-17,2.97435901314185e-10,2020-01-01,1,NA,NA,NA,NA,NA,NA,NA,NA,NA,NA,NA,NA
802,2010-12-07,107.614333548647,2020-01-20,1,NA,NA,NA,NA,NA,NA,NA,NA,NA,NA,NA,NA
803,2010-10-12,337.469278272499,2020-01-11,0,1086444.33796611,2021-01-02,0,311.229680814412,2022-01-06,0,1007.94508576663,2023-01-05,0,0.0144777920227523,2024-01-16,1
804,2010-10-19,0.12345285772898,2020-01-11,1,NA,NA,NA,NA,NA,NA,NA,NA,NA,NA,NA,NA
805,2010-04-20,4.77199137799572e-06,2020-01-03,1,NA,NA,NA,NA,NA,NA,NA,NA,NA,NA,NA,NA
806,2010-02-02,71.6863177713985,2020-01-05,1,NA,NA,NA,NA,NA,NA,NA,NA,NA,NA,NA,NA
807,2010-12-02,0.00018593980930717,2020-01-22,1,NA,NA,NA,NA,NA,NA,NA,NA,NA,NA,NA,NA
808,2010-12-31,0.0570315448489444,2020-01-04,1,NA,NA,NA,NA,NA,NA,NA,NA,NA,NA,NA,NA
809,2010-09-07,3.44113452030365,2020-01-10,1,NA,NA,NA,NA,NA,NA,NA,NA,NA,NA,NA,NA
810,2010-05-13,0.175478114198186,2020-01-29,1,NA,NA,NA,NA,NA,NA,NA,NA,NA,NA,NA,NA
811,2010-05-27,1211.25111530903,2020-01-25,0,1.17171941158894,2021-01-21,1,NA,NA,NA,NA,NA,NA,NA,NA,NA
812,2010-03-19,0.0991283865115435,2020-01-21,1,NA,NA,NA,NA,NA,NA,NA,NA,NA,NA,NA,NA
813,2010-11-22,16.1783602938942,2020-01-21,1,NA,NA,NA,NA,NA,NA,NA,NA,NA,NA,NA,NA
814,2010-02-24,19.6374321396243,2020-01-17,1,NA,NA,NA,NA,NA,NA,NA,NA,NA,NA,NA,NA
815,2010-05-25,3.78177753161483e-14,2020-01-16,1,NA,NA,NA,NA,NA,NA,NA,NA,NA,NA,NA,NA
816,2010-09-10,2.14827831205249e-07,2020-01-04,1,NA,NA,NA,NA,NA,NA,NA,NA,NA,NA,NA,NA
817,2010-11-24,0.000262257379512281,2020-01-14,1,NA,NA,NA,NA,NA,NA,NA,NA,NA,NA,NA,NA
818,2010-06-25,205.472723489303,2020-01-26,0,0.0494678289369245,2021-01-26,1,NA,NA,NA,NA,NA,NA,NA,NA,NA
819,2010-06-10,0.27048825791452,2020-01-11,1,NA,NA,NA,NA,NA,NA,NA,NA,NA,NA,NA,NA
820,2010-03-18,1.05680272675473e-05,2020-01-29,1,NA,NA,NA,NA,NA,NA,NA,NA,NA,NA,NA,NA
821,2010-08-29,9.97479680264322e-14,2020-01-18,1,NA,NA,NA,NA,NA,NA,NA,NA,NA,NA,NA,NA
822,2010-05-24,41590.8358847714,2020-01-20,0,1811581.91336578,2021-01-23,0,2791.61846624836,2022-01-23,0,122562331.114844,2023-01-28,0,5313.97201194406,2024-01-21,0
823,2010-03-16,11.870667456914,2020-01-05,1,NA,NA,NA,NA,NA,NA,NA,NA,NA,NA,NA,NA
824,2010-01-14,0.000544914882278272,2020-01-09,1,NA,NA,NA,NA,NA,NA,NA,NA,NA,NA,NA,NA
825,2010-08-13,189558.706378621,2020-01-23,0,8560691918177.69,2021-01-25,0,1.7058890976796e-05,2022-01-18,1,NA,NA,NA,NA,NA,NA
826,2010-11-14,958144.830788118,2020-01-25,0,1908.63953650001,2021-01-04,0,0.552550939167063,2022-01-28,1,NA,NA,NA,NA,NA,NA
827,2010-12-20,4.45975729883018e-24,2020-01-11,1,NA,NA,NA,NA,NA,NA,NA,NA,NA,NA,NA,NA
828,2010-11-27,40.861371111373,2020-01-20,1,NA,NA,NA,NA,NA,NA,NA,NA,NA,NA,NA,NA
829,2010-09-26,8.18712028219637e-07,2020-01-07,1,NA,NA,NA,NA,NA,NA,NA,NA,NA,NA,NA,NA
830,2010-02-20,1.03594052186545e-07,2020-01-08,1,NA,NA,NA,NA,NA,NA,NA,NA,NA,NA,NA,NA
831,2010-06-20,3.91309605893507e-07,2020-01-12,1,NA,NA,NA,NA,NA,NA,NA,NA,NA,NA,NA,NA
832,2010-03-25,0.0365194090570291,2020-01-07,1,NA,NA,NA,NA,NA,NA,NA,NA,NA,NA,NA,NA
833,2010-08-30,182185.546318627,2020-01-30,0,4.62438236092061e-08,2021-01-24,1,NA,NA,NA,NA,NA,NA,NA,NA,NA
834,2010-03-30,16604.4975795711,2020-01-28,0,59.9576967323228,2021-01-11,1,NA,NA,NA,NA,NA,NA,NA,NA,NA
835,2010-08-25,0.000194618970662196,2020-01-02,1,NA,NA,NA,NA,NA,NA,NA,NA,NA,NA,NA,NA
836,2010-09-12,0.056531754404033,2020-01-20,1,NA,NA,NA,NA,NA,NA,NA,NA,NA,NA,NA,NA
837,2010-05-25,0.010676063165969,2020-01-11,1,NA,NA,NA,NA,NA,NA,NA,NA,NA,NA,NA,NA
838,2010-11-01,7.64331270376786e-07,2020-01-10,1,NA,NA,NA,NA,NA,NA,NA,NA,NA,NA,NA,NA
839,2010-12-14,3.85403642361912e-06,2020-01-17,1,NA,NA,NA,NA,NA,NA,NA,NA,NA,NA,NA,NA
840,2010-12-31,22.0404045185006,2020-01-02,1,NA,NA,NA,NA,NA,NA,NA,NA,NA,NA,NA,NA
841,2010-12-06,3.30081579938159e-12,2020-01-09,1,NA,NA,NA,NA,NA,NA,NA,NA,NA,NA,NA,NA
842,2010-09-18,66.6872634330075,2020-01-05,1,NA,NA,NA,NA,NA,NA,NA,NA,NA,NA,NA,NA
843,2010-03-07,8938.95794939975,2020-01-11,0,1041.93372077481,2021-01-29,0,128640.119233398,2022-01-20,0,0.326972773864492,2023-01-05,1,NA,NA,NA
844,2010-11-12,1.39507711585497e-06,2020-01-09,1,NA,NA,NA,NA,NA,NA,NA,NA,NA,NA,NA,NA
845,2010-01-21,0.00515365517707495,2020-01-20,1,NA,NA,NA,NA,NA,NA,NA,NA,NA,NA,NA,NA
846,2010-02-03,0.0834347382932581,2020-01-02,1,NA,NA,NA,NA,NA,NA,NA,NA,NA,NA,NA,NA
847,2010-06-08,1.9734091198986,2020-01-18,1,NA,NA,NA,NA,NA,NA,NA,NA,NA,NA,NA,NA
848,2010-07-13,78557.8085555425,2020-01-03,0,1.32062195079773e-06,2021-01-28,1,NA,NA,NA,NA,NA,NA,NA,NA,NA
849,2010-10-02,10472.777656232,2020-01-08,0,12036.1813699938,2021-01-18,0,1.74721900804762e-12,2022-01-22,1,NA,NA,NA,NA,NA,NA
850,2010-08-03,2.20546646275455e-09,2020-01-23,1,NA,NA,NA,NA,NA,NA,NA,NA,NA,NA,NA,NA
851,2010-07-26,0.00310590246438203,2020-01-22,1,NA,NA,NA,NA,NA,NA,NA,NA,NA,NA,NA,NA
852,2010-06-07,1423431.01561282,2020-01-17,0,0.000111584341719701,2021-01-04,1,NA,NA,NA,NA,NA,NA,NA,NA,NA
853,2010-12-23,0.0139782352075085,2020-01-18,1,NA,NA,NA,NA,NA,NA,NA,NA,NA,NA,NA,NA
854,2010-08-08,2.42649103462647e-10,2020-01-04,1,NA,NA,NA,NA,NA,NA,NA,NA,NA,NA,NA,NA
855,2010-09-09,6.03110539441082e-09,2020-01-23,1,NA,NA,NA,NA,NA,NA,NA,NA,NA,NA,NA,NA
856,2010-10-31,5.71792138041699,2020-01-21,1,NA,NA,NA,NA,NA,NA,NA,NA,NA,NA,NA,NA
857,2010-05-30,2.29627933107124e-09,2020-01-03,1,NA,NA,NA,NA,NA,NA,NA,NA,NA,NA,NA,NA
858,2010-03-10,4.5484365504423e-14,2020-01-01,1,NA,NA,NA,NA,NA,NA,NA,NA,NA,NA,NA,NA
859,2010-09-06,2.45551036129753,2020-01-07,1,NA,NA,NA,NA,NA,NA,NA,NA,NA,NA,NA,NA
860,2010-07-15,51090.7126667124,2020-01-30,0,0.0099142221263082,2021-01-24,1,NA,NA,NA,NA,NA,NA,NA,NA,NA
861,2010-12-03,2.62433234456993e-09,2020-01-13,1,NA,NA,NA,NA,NA,NA,NA,NA,NA,NA,NA,NA
862,2010-11-19,205.001115077107,2020-01-29,0,634809656217.999,2021-01-19,0,25207.0523533001,2022-01-15,0,119018.180005252,2023-01-04,0,5.84325419239667,2024-01-15,1
863,2010-08-01,2.73454829352807e-16,2020-01-25,1,NA,NA,NA,NA,NA,NA,NA,NA,NA,NA,NA,NA
864,2010-11-01,6.08577354302776e-10,2020-01-28,1,NA,NA,NA,NA,NA,NA,NA,NA,NA,NA,NA,NA
865,2010-12-19,5.76371855937538e-13,2020-01-09,1,NA,NA,NA,NA,NA,NA,NA,NA,NA,NA,NA,NA
866,2010-10-04,10173749.5481164,2020-01-24,0,2.77196839995283,2021-01-03,1,NA,NA,NA,NA,NA,NA,NA,NA,NA
867,2010-12-29,1.85285238858735e-08,2020-01-05,1,NA,NA,NA,NA,NA,NA,NA,NA,NA,NA,NA,NA
868,2010-04-09,4255596.40456591,2020-01-10,0,1.17243059005539e-05,2021-01-20,1,NA,NA,NA,NA,NA,NA,NA,NA,NA
869,2010-01-17,3.01676727045881e-09,2020-01-24,1,NA,NA,NA,NA,NA,NA,NA,NA,NA,NA,NA,NA
870,2010-12-25,28018.5242238995,2020-01-24,0,0.344403631298359,2021-01-10,1,NA,NA,NA,NA,NA,NA,NA,NA,NA
871,2010-06-09,10141807942.1096,2020-01-21,0,1074691.28230553,2021-01-26,0,3.35528347467403,2022-01-26,1,NA,NA,NA,NA,NA,NA
872,2010-04-08,0.000186773320304358,2020-01-12,1,NA,NA,NA,NA,NA,NA,NA,NA,NA,NA,NA,NA
873,2010-12-29,97.9451113426285,2020-01-04,1,NA,NA,NA,NA,NA,NA,NA,NA,NA,NA,NA,NA
874,2010-04-25,176.439581869764,2020-01-16,0,4385179313115.17,2021-01-08,0,1.9639601865478,2022-01-13,1,NA,NA,NA,NA,NA,NA
875,2010-03-22,0.572715203017444,2020-01-30,1,NA,NA,NA,NA,NA,NA,NA,NA,NA,NA,NA,NA
876,2010-10-15,1.04098762029393e-10,2020-01-22,1,NA,NA,NA,NA,NA,NA,NA,NA,NA,NA,NA,NA
877,2010-02-11,6.0098779619457e-10,2020-01-28,1,NA,NA,NA,NA,NA,NA,NA,NA,NA,NA,NA,NA
878,2010-03-21,6.66556596033176e-09,2020-01-16,1,NA,NA,NA,NA,NA,NA,NA,NA,NA,NA,NA,NA
879,2010-02-16,0.0158333031961114,2020-01-03,1,NA,NA,NA,NA,NA,NA,NA,NA,NA,NA,NA,NA
880,2010-04-15,1.82507920105289e-05,2020-01-20,1,NA,NA,NA,NA,NA,NA,NA,NA,NA,NA,NA,NA
881,2010-12-08,0.0069436130307798,2020-01-30,1,NA,NA,NA,NA,NA,NA,NA,NA,NA,NA,NA,NA
882,2010-09-15,2.55531616077377e-09,2020-01-24,1,NA,NA,NA,NA,NA,NA,NA,NA,NA,NA,NA,NA
883,2010-07-30,2.61640117893138e-08,2020-01-02,1,NA,NA,NA,NA,NA,NA,NA,NA,NA,NA,NA,NA
884,2010-12-09,5.01302899758146e-05,2020-01-05,1,NA,NA,NA,NA,NA,NA,NA,NA,NA,NA,NA,NA
885,2010-10-31,490.274268582009,2020-01-17,0,36.8367495598116,2021-01-11,1,NA,NA,NA,NA,NA,NA,NA,NA,NA
886,2010-09-22,17880309.2119455,2020-01-10,0,51585.215653131,2021-01-28,0,3.6773046602544e-06,2022-01-01,1,NA,NA,NA,NA,NA,NA
887,2010-12-18,1.14052447053433e-11,2020-01-04,1,NA,NA,NA,NA,NA,NA,NA,NA,NA,NA,NA,NA
888,2010-01-07,9.36578136290898e-14,2020-01-08,1,NA,NA,NA,NA,NA,NA,NA,NA,NA,NA,NA,NA
889,2010-08-29,8.63839771884784e-06,2020-01-11,1,NA,NA,NA,NA,NA,NA,NA,NA,NA,NA,NA,NA
890,2010-01-08,3.08503852256014e-19,2020-01-05,1,NA,NA,NA,NA,NA,NA,NA,NA,NA,NA,NA,NA
891,2010-08-05,4753499.20843356,2020-01-11,0,91.0705770689956,2021-01-17,1,NA,NA,NA,NA,NA,NA,NA,NA,NA
892,2010-09-08,0.000544407922107139,2020-01-07,1,NA,NA,NA,NA,NA,NA,NA,NA,NA,NA,NA,NA
893,2010-11-29,4554918692.80632,2020-01-19,0,1832697595240704,2021-01-25,0,850440.8279509,2022-01-08,0,991185.402300355,2023-01-04,0,229.103658491461,2024-01-08,0
894,2010-09-06,0.00866540719615579,2020-01-26,1,NA,NA,NA,NA,NA,NA,NA,NA,NA,NA,NA,NA
895,2010-08-18,7.48380047515868e-05,2020-01-04,1,NA,NA,NA,NA,NA,NA,NA,NA,NA,NA,NA,NA
896,2010-12-03,0.000219049488496531,2020-01-22,1,NA,NA,NA,NA,NA,NA,NA,NA,NA,NA,NA,NA
897,2010-11-04,66.9793436126646,2020-01-01,1,NA,NA,NA,NA,NA,NA,NA,NA,NA,NA,NA,NA
898,2010-02-10,2.18130355243824e-08,2020-01-21,1,NA,NA,NA,NA,NA,NA,NA,NA,NA,NA,NA,NA
899,2010-09-05,8860049651.69944,2020-01-14,0,1060078.28291514,2021-01-02,0,0.000184405042199041,2022-01-11,1,NA,NA,NA,NA,NA,NA
900,2010-08-27,90464.6000583385,2020-01-25,0,4.6990717965419,2021-01-02,1,NA,NA,NA,NA,NA,NA,NA,NA,NA
901,2010-10-06,3.23765037077931e-10,2020-01-07,1,NA,NA,NA,NA,NA,NA,NA,NA,NA,NA,NA,NA
902,2010-01-23,2.08298492425063e-06,2020-01-16,1,NA,NA,NA,NA,NA,NA,NA,NA,NA,NA,NA,NA
903,2010-10-07,3.35737707145209,2020-01-18,1,NA,NA,NA,NA,NA,NA,NA,NA,NA,NA,NA,NA
904,2010-04-07,0.825276253297041,2020-01-24,1,NA,NA,NA,NA,NA,NA,NA,NA,NA,NA,NA,NA
905,2010-01-13,10166.200997,2020-01-06,0,0.483231480988869,2021-01-19,1,NA,NA,NA,NA,NA,NA,NA,NA,NA
906,2010-08-11,8.66948173721747e-10,2020-01-14,1,NA,NA,NA,NA,NA,NA,NA,NA,NA,NA,NA,NA
907,2010-08-04,3.0305950721569e-05,2020-01-24,1,NA,NA,NA,NA,NA,NA,NA,NA,NA,NA,NA,NA
908,2010-06-14,4.00211764287016e-07,2020-01-26,1,NA,NA,NA,NA,NA,NA,NA,NA,NA,NA,NA,NA
909,2010-03-09,191070.198186065,2020-01-16,0,0.0239529104412174,2021-01-08,1,NA,NA,NA,NA,NA,NA,NA,NA,NA
910,2010-06-17,3.80471519205159e-05,2020-01-27,1,NA,NA,NA,NA,NA,NA,NA,NA,NA,NA,NA,NA
911,2010-08-16,1.89986322631646e-09,2020-01-22,1,NA,NA,NA,NA,NA,NA,NA,NA,NA,NA,NA,NA
912,2010-06-01,6.14659618476257e-09,2020-01-04,1,NA,NA,NA,NA,NA,NA,NA,NA,NA,NA,NA,NA
913,2010-12-02,2.32067807803461e-06,2020-01-05,1,NA,NA,NA,NA,NA,NA,NA,NA,NA,NA,NA,NA
914,2010-03-11,8.53904140221029e-10,2020-01-14,1,NA,NA,NA,NA,NA,NA,NA,NA,NA,NA,NA,NA
915,2010-02-18,1.35450367754442e-11,2020-01-13,1,NA,NA,NA,NA,NA,NA,NA,NA,NA,NA,NA,NA
916,2010-08-05,3.44276699851785e-13,2020-01-19,1,NA,NA,NA,NA,NA,NA,NA,NA,NA,NA,NA,NA
917,2010-08-02,72032.0220397649,2020-01-20,0,234.289032453035,2021-01-08,0,0.0446393226289033,2022-01-05,1,NA,NA,NA,NA,NA,NA
918,2010-08-29,1672.36151648412,2020-01-08,0,2.75103992339741e-15,2021-01-19,1,NA,NA,NA,NA,NA,NA,NA,NA,NA
919,2010-02-24,287863054076.275,2020-01-14,0,268234.311340909,2021-01-13,0,6624.30349840404,2022-01-15,0,48020.9567980569,2023-01-16,0,2.27330398340792e-08,2024-01-23,1
920,2010-11-29,94262.3075526618,2020-01-19,0,0.00592777225906043,2021-01-24,1,NA,NA,NA,NA,NA,NA,NA,NA,NA
921,2010-12-18,0.113481306695213,2020-01-29,1,NA,NA,NA,NA,NA,NA,NA,NA,NA,NA,NA,NA
922,2010-08-09,1.00998558136964e-07,2020-01-29,1,NA,NA,NA,NA,NA,NA,NA,NA,NA,NA,NA,NA
923,2010-12-20,0.0212637667678339,2020-01-01,1,NA,NA,NA,NA,NA,NA,NA,NA,NA,NA,NA,NA
924,2010-10-05,9.72053563400586e-07,2020-01-08,1,NA,NA,NA,NA,NA,NA,NA,NA,NA,NA,NA,NA
925,2010-11-20,0.0114732005078873,2020-01-24,1,NA,NA,NA,NA,NA,NA,NA,NA,NA,NA,NA,NA
926,2010-04-04,5.33078759733101,2020-01-03,1,NA,NA,NA,NA,NA,NA,NA,NA,NA,NA,NA,NA
927,2010-11-16,19.1540164647985,2020-01-16,1,NA,NA,NA,NA,NA,NA,NA,NA,NA,NA,NA,NA
928,2010-03-07,4.83285254002868e-05,2020-01-04,1,NA,NA,NA,NA,NA,NA,NA,NA,NA,NA,NA,NA
929,2010-02-15,2.9770598479106e-16,2020-01-25,1,NA,NA,NA,NA,NA,NA,NA,NA,NA,NA,NA,NA
930,2010-04-16,1.18345511550406e-13,2020-01-27,1,NA,NA,NA,NA,NA,NA,NA,NA,NA,NA,NA,NA
931,2010-08-21,3.57651449330966e-08,2020-01-14,1,NA,NA,NA,NA,NA,NA,NA,NA,NA,NA,NA,NA
932,2010-02-28,893263.747069668,2020-01-05,0,2.70809128184186e-26,2021-01-04,1,NA,NA,NA,NA,NA,NA,NA,NA,NA
933,2010-06-04,1.2499297986236e-09,2020-01-01,1,NA,NA,NA,NA,NA,NA,NA,NA,NA,NA,NA,NA
934,2010-04-18,69.2375785813109,2020-01-24,1,NA,NA,NA,NA,NA,NA,NA,NA,NA,NA,NA,NA
935,2010-06-27,7.40140681784147e-08,2020-01-20,1,NA,NA,NA,NA,NA,NA,NA,NA,NA,NA,NA,NA
936,2010-08-09,0.304776745801517,2020-01-20,1,NA,NA,NA,NA,NA,NA,NA,NA,NA,NA,NA,NA
937,2010-02-23,1.33928533363724e-11,2020-01-13,1,NA,NA,NA,NA,NA,NA,NA,NA,NA,NA,NA,NA
938,2010-04-05,7.82147392837186,2020-01-23,1,NA,NA,NA,NA,NA,NA,NA,NA,NA,NA,NA,NA
939,2010-09-25,83.8674710670334,2020-01-05,1,NA,NA,NA,NA,NA,NA,NA,NA,NA,NA,NA,NA
940,2010-07-25,0.0218527686352065,2020-01-02,1,NA,NA,NA,NA,NA,NA,NA,NA,NA,NA,NA,NA
941,2010-07-06,14275601017.6762,2020-01-08,0,407978.734965606,2021-01-30,0,1.17666864422586e-08,2022-01-25,1,NA,NA,NA,NA,NA,NA
942,2010-04-07,0.00632659330378675,2020-01-05,1,NA,NA,NA,NA,NA,NA,NA,NA,NA,NA,NA,NA
943,2010-02-09,1485.43794269306,2020-01-16,0,0.385659520992641,2021-01-20,1,NA,NA,NA,NA,NA,NA,NA,NA,NA
944,2010-12-19,0.000402695911561555,2020-01-09,1,NA,NA,NA,NA,NA,NA,NA,NA,NA,NA,NA,NA
945,2010-02-26,0.0048198233844352,2020-01-30,1,NA,NA,NA,NA,NA,NA,NA,NA,NA,NA,NA,NA
946,2010-10-24,0.631819787508974,2020-01-09,1,NA,NA,NA,NA,NA,NA,NA,NA,NA,NA,NA,NA
947,2010-10-09,0.0333235347743232,2020-01-18,1,NA,NA,NA,NA,NA,NA,NA,NA,NA,NA,NA,NA
948,2010-11-28,2.66293229525449e-11,2020-01-19,1,NA,NA,NA,NA,NA,NA,NA,NA,NA,NA,NA,NA
949,2010-01-20,1.57575287163794e-07,2020-01-05,1,NA,NA,NA,NA,NA,NA,NA,NA,NA,NA,NA,NA
950,2010-04-25,5.35373081213599e-08,2020-01-16,1,NA,NA,NA,NA,NA,NA,NA,NA,NA,NA,NA,NA
951,2010-06-27,9499768.02064402,2020-01-30,0,595136207.973945,2021-01-20,0,11005930.3795183,2022-01-11,0,4047431.19271417,2023-01-10,0,1.00114918238745,2024-01-03,1
952,2010-06-09,550133955.985385,2020-01-12,0,5.02385529855772e-12,2021-01-23,1,NA,NA,NA,NA,NA,NA,NA,NA,NA
953,2010-02-21,1.20395290189926e-08,2020-01-10,1,NA,NA,NA,NA,NA,NA,NA,NA,NA,NA,NA,NA
954,2010-10-26,164.304991566328,2020-01-26,0,0.302628144163174,2021-01-16,1,NA,NA,NA,NA,NA,NA,NA,NA,NA
955,2010-09-11,221842.495504217,2020-01-07,0,0.00271639761836752,2021-01-12,1,NA,NA,NA,NA,NA,NA,NA,NA,NA
956,2010-10-17,1.03469760469525e-11,2020-01-24,1,NA,NA,NA,NA,NA,NA,NA,NA,NA,NA,NA,NA
957,2010-05-04,1.921902021298e-05,2020-01-04,1,NA,NA,NA,NA,NA,NA,NA,NA,NA,NA,NA,NA
958,2010-04-29,33.6492278317865,2020-01-18,1,NA,NA,NA,NA,NA,NA,NA,NA,NA,NA,NA,NA
959,2010-05-18,2.45148632597675e-14,2020-01-08,1,NA,NA,NA,NA,NA,NA,NA,NA,NA,NA,NA,NA
960,2010-02-14,0.226707302385779,2020-01-17,1,NA,NA,NA,NA,NA,NA,NA,NA,NA,NA,NA,NA
961,2010-09-21,3.9226903262531e-06,2020-01-30,1,NA,NA,NA,NA,NA,NA,NA,NA,NA,NA,NA,NA
962,2010-09-02,4.49192010917686e-05,2020-01-21,1,NA,NA,NA,NA,NA,NA,NA,NA,NA,NA,NA,NA
963,2010-12-12,919420297.611032,2020-01-25,0,0.000480392525823213,2021-01-19,1,NA,NA,NA,NA,NA,NA,NA,NA,NA
964,2010-03-19,10.2900046668225,2020-01-25,1,NA,NA,NA,NA,NA,NA,NA,NA,NA,NA,NA,NA
965,2010-12-22,4.90352141524953e-13,2020-01-24,1,NA,NA,NA,NA,NA,NA,NA,NA,NA,NA,NA,NA
966,2010-10-27,8.60176880074844e-11,2020-01-27,1,NA,NA,NA,NA,NA,NA,NA,NA,NA,NA,NA,NA
967,2010-10-14,0.00370784447116682,2020-01-17,1,NA,NA,NA,NA,NA,NA,NA,NA,NA,NA,NA,NA
968,2010-11-30,1.34110476678213e-09,2020-01-09,1,NA,NA,NA,NA,NA,NA,NA,NA,NA,NA,NA,NA
969,2010-05-15,5130.73504279751,2020-01-19,0,2.75423296178951e-06,2021-01-29,1,NA,NA,NA,NA,NA,NA,NA,NA,NA
970,2010-04-24,3.35654143805138e-11,2020-01-13,1,NA,NA,NA,NA,NA,NA,NA,NA,NA,NA,NA,NA
971,2010-03-28,2674051218.64795,2020-01-22,0,161.473232082484,2021-01-07,0,1.1869684075728e-09,2022-01-16,1,NA,NA,NA,NA,NA,NA
972,2010-11-25,29265725.4849686,2020-01-25,0,4.16481105421745e-12,2021-01-23,1,NA,NA,NA,NA,NA,NA,NA,NA,NA
973,2010-12-27,3.47603928342329e-27,2020-01-18,1,NA,NA,NA,NA,NA,NA,NA,NA,NA,NA,NA,NA
974,2010-12-18,13.9535791127861,2020-01-28,1,NA,NA,NA,NA,NA,NA,NA,NA,NA,NA,NA,NA
975,2010-11-09,1.40632538270756e-05,2020-01-17,1,NA,NA,NA,NA,NA,NA,NA,NA,NA,NA,NA,NA
976,2010-11-01,2171958.27728717,2020-01-27,0,5.11587352402307e-08,2021-01-13,1,NA,NA,NA,NA,NA,NA,NA,NA,NA
977,2010-06-02,2261.1885074332,2020-01-25,0,2120.48605781195,2021-01-25,0,5146450.78328845,2022-01-15,0,1.43382036215875,2023-01-01,1,NA,NA,NA
978,2010-09-12,6.64310150227156e-09,2020-01-16,1,NA,NA,NA,NA,NA,NA,NA,NA,NA,NA,NA,NA
979,2010-08-09,102.152011050036,2020-01-14,1,NA,NA,NA,NA,NA,NA,NA,NA,NA,NA,NA,NA
980,2010-08-31,208.099974290213,2020-01-29,0,0.215097718116812,2021-01-27,1,NA,NA,NA,NA,NA,NA,NA,NA,NA
981,2010-05-21,533600.104703799,2020-01-19,0,158188.233751102,2021-01-30,0,6.36665875562587e-06,2022-01-24,1,NA,NA,NA,NA,NA,NA
982,2010-07-04,664467621.394396,2020-01-10,0,15.8609536462795,2021-01-28,1,NA,NA,NA,NA,NA,NA,NA,NA,NA
983,2010-12-04,7.1055120198011e-12,2020-01-06,1,NA,NA,NA,NA,NA,NA,NA,NA,NA,NA,NA,NA
984,2010-07-10,0.10702973116884,2020-01-01,1,NA,NA,NA,NA,NA,NA,NA,NA,NA,NA,NA,NA
985,2010-09-11,27431803.0293367,2020-01-29,0,1219.46845614195,2021-01-08,0,9.36617611733685e-06,2022-01-18,1,NA,NA,NA,NA,NA,NA
986,2010-10-26,0.0614802829994686,2020-01-17,1,NA,NA,NA,NA,NA,NA,NA,NA,NA,NA,NA,NA
987,2010-01-29,2.22882860487351e-12,2020-01-28,1,NA,NA,NA,NA,NA,NA,NA,NA,NA,NA,NA,NA
988,2010-05-13,16309690880.1544,2020-01-19,0,1.23364469761004e-12,2021-01-07,1,NA,NA,NA,NA,NA,NA,NA,NA,NA
989,2010-04-21,1.57281054621809e-09,2020-01-02,1,NA,NA,NA,NA,NA,NA,NA,NA,NA,NA,NA,NA
990,2010-06-13,2.53775689730599e-12,2020-01-03,1,NA,NA,NA,NA,NA,NA,NA,NA,NA,NA,NA,NA
991,2010-04-11,0.0763132296535779,2020-01-13,1,NA,NA,NA,NA,NA,NA,NA,NA,NA,NA,NA,NA
992,2010-03-29,0.00200311398895343,2020-01-02,1,NA,NA,NA,NA,NA,NA,NA,NA,NA,NA,NA,NA
993,2010-03-10,62722805244.0566,2020-01-22,0,811.043431120754,2021-01-24,0,199668630.115614,2022-01-04,0,0.077091935039635,2023-01-10,1,NA,NA,NA
994,2010-02-01,6.59504648396172e-08,2020-01-16,1,NA,NA,NA,NA,NA,NA,NA,NA,NA,NA,NA,NA
995,2010-12-19,9.85828403028739e-10,2020-01-21,1,NA,NA,NA,NA,NA,NA,NA,NA,NA,NA,NA,NA
996,2010-07-22,1.41275494246173e-30,2020-01-23,1,NA,NA,NA,NA,NA,NA,NA,NA,NA,NA,NA,NA
997,2010-09-23,0.0612141333624489,2020-01-24,1,NA,NA,NA,NA,NA,NA,NA,NA,NA,NA,NA,NA
998,2010-02-11,0.000253542678615264,2020-01-25,1,NA,NA,NA,NA,NA,NA,NA,NA,NA,NA,NA,NA
999,2010-03-27,278958321947.547,2020-01-10,0,622089750.17597,2021-01-05,0,120883589771.183,2022-01-25,0,111808384.820099,2023-01-23,0,442228964.909615,2024-01-10,0
1000,2010-12-06,0.000383590454874485,2020-01-19,1,NA,NA,NA,NA,NA,NA,NA,NA,NA,NA,NA,NA
